JPT_NAZWA_,JPT_KJ_I_1,JPT_KJ_I_2,POPULACJA,Shape__Area,Shape__Length,SZCZEPIENIA_SUMA,SZCZEPIENIA_DZIENNIE,DAWKA_2_SUMA,DAWKA_2_DZIENNIE,Shape__Area_2,Shape__Length_2,nast_7_dni_agg,nast_30_dni_agg,date
powiat ropczycko-sędziszowski,1815,t1815,74374,None,None,19195,180,5540,13,1328553503.47754,219259.724430695,2031,11776,2021-05-18
powiat łosicki,1410,t1410,31023,None,None,8631,30,2699,0,2054340984.6611302,292396.38237877603,53,273,2021-05-18
powiat piaseczyński,1418,t1418,184951,None,None,93807,849,23646,455,1636885578.38379,260084.867937023,1901,11977,2021-05-18
powiat radomski,1425,t1425,152117,None,None,27871,115,8094,14,3919572154.58496,568835.5076049389,131,968,2021-05-18
powiat sierpecki,1427,t1427,52196,None,None,17959,121,4907,76,2329323694.23145,277923.119528555,220,772,2021-05-18
powiat szydłowiecki,1430,t1430,39864,None,None,7434,21,2294,0,1150743070.96875,234733.06752154898,61,449,2021-05-18
powiat węgrowski,1433,t1433,66174,None,None,19856,124,6230,10,3280184715.02246,408300.51762899203,50,1136,2021-05-18
powiat gostyniński,1404,t1404,45203,None,None,13470,5,4273,0,1646296436.6933599,313028.771559387,17,50,2021-05-18
powiat grodziski,1405,t1405,94091,None,None,40708,383,12033,22,969760334.2431641,253432.807904447,145,1310,2021-05-18
powiat łukowski,611,t0611,107449,None,None,26196,128,7735,124,3652019834.61621,415561.367453444,147,764,2021-05-18
powiat tomaszowski,618,t0618,83715,None,None,26607,238,7655,208,3665640012.82324,480760.441342278,423,2645,2021-05-18
powiat Chełm,662,t0662,62670,None,None,29139,547,7638,315,89371838.109375,52772.77045271861,759,2264,2021-05-18
powiat brzeski,1202,t1202,93206,None,None,27360,159,8423,124,1427576426.61621,284295.74786701,83,2970,2021-05-18
powiat Kraków,1261,t1261,771069,None,None,545738,7544,152956,3648,791065595.8408201,181896.379623438,5228,40212,2021-05-18
powiat zgierski,1020,t1020,165916,None,None,54748,717,14044,27,2245893310.69531,338156.138243631,1212,3236,2021-05-18
powiat sulęciński,807,t0807,35297,None,None,11278,12,3083,12,3164455036.1318398,427262.830321922,69,975,2021-05-18
powiat łańcucki,1810,t1810,80834,None,None,21649,137,7179,127,1096604628.4091802,228051.36563100302,5535,15116,2021-05-18
powiat brzeski,1601,t1601,90275,None,None,34681,557,7344,83,2190054038.21875,410917.033361145,192,1781,2021-05-18
powiat ostrzeszowski,3018,t3018,55403,None,None,18669,72,5875,17,1987821616.5400398,317702.16535766603,692,1782,2021-05-18
powiat Radom,1463,t1463,213029,None,None,101835,873,32163,342,286866221.12207,99405.1594261839,1903,13880,2021-05-18
powiat żyrardowski,1438,t1438,75848,None,None,23086,70,6567,0,1403384189.0957,274757.56116534,331,1851,2021-05-18
powiat obornicki,3016,t3016,59858,None,None,30748,315,8068,22,1932894204.86523,339522.334245198,174,1491,2021-05-18
powiat leszczyński,3013,t3013,56485,None,None,8919,50,2689,20,2110456495.6767602,377714.056172256,19,386,2021-05-18
powiat Siedlce,1464,t1464,77872,None,None,60271,219,17959,165,84540698.80371091,53834.2885521824,73,2685,2021-05-18
powiat Leszno,3063,t3063,63952,None,None,23364,123,6134,0,83234365.65625,53296.951906351904,173,1444,2021-05-18
powiat kolski,3009,t3009,87216,None,None,23128,49,6492,2,2689627317.29785,346607.709128693,191,3406,2021-05-18
powiat Łomża,2062,t2062,63000,None,None,33757,359,9409,0,90798559.5029297,53833.655423679505,883,3662,2021-05-18
powiat rawicki,3022,t3022,60405,None,None,20062,145,4835,12,1435598543.2236302,229831.60420701103,194,1489,2021-05-18
powiat słupecki,3023,t3023,59371,None,None,17769,49,5947,27,2236917169.48145,329652.758618665,51,1345,2021-05-18
powiat kościerski,2206,t2206,72528,None,None,27887,20,8122,0,3374023733.17383,381052.14091559994,30,1371,2021-05-18
powiat włoszczowski,2613,t2613,45336,None,None,19749,136,5648,7,2267836783.9043,367329.54303710896,221,1102,2021-05-18
powiat stargardzki,3214,t3214,120112,None,None,36793,195,9389,11,4258906684.40625,516440.08483460295,1411,8772,2021-05-18
powiat Wrocław,264,t0264,640648,None,None,470489,5625,115296,1248,742689431.648438,172246.356099942,4771,33550,2021-05-18
powiat giżycki,2806,t2806,56754,None,None,17027,143,4855,23,3233268847.53613,367483.27225710795,545,1826,2021-05-18
powiat mrągowski,2810,t2810,50080,None,None,11423,0,3715,0,3047532968.61133,372497.477901551,111,479,2021-05-18
powiat głogowski,203,t0203,89541,None,None,27128,527,8001,194,1151495126.9638698,268512.573808448,1204,3614,2021-05-18
powiat choszczeński,3202,t3202,48602,None,None,15890,30,4942,1,3683805162.1699204,437622.74475475,41,749,2021-05-18
powiat Sosnowiec,2475,t2475,202036,None,None,98005,3360,27007,2416,222869967.538086,89880.52531511449,2140,17520,2021-05-18
powiat rybnicki,2412,t2412,78104,None,None,11598,78,3148,10,543149677.302734,250866.035890597,25,421,2021-05-18
powiat Gliwice,2466,t2466,179806,None,None,121447,1588,27943,911,327095687.392578,122476.89497275901,5088,16594,2021-05-18
powiat Jaworzno,2468,t2468,91563,None,None,33404,282,7017,110,371789702.15918,117798.818425105,24,2507,2021-05-18
powiat inowrocławski,407,t0407,160647,None,None,49238,302,12668,3,3344123622.82617,417364.69207850297,11818,25998,2021-05-18
powiat brodnicki,402,t0402,78898,None,None,28372,99,7923,16,2901882513.53906,384842.98849590204,1496,4901,2021-05-18
powiat włocławski,418,t0418,86352,None,None,24316,210,5834,28,3971132691.14453,546408.762528724,1381,8756,2021-05-18
powiat mogileński,409,t0409,45821,None,None,10954,125,2778,21,1830878798.17969,341384.805254151,70,708,2021-05-18
powiat Toruń,463,t0463,202074,None,None,74204,508,19783,286,319730773.796875,115820.566222376,761,6402,2021-05-18
powiat tucholski,416,t0416,48374,None,None,13941,160,3747,70,3045030205.1709,414890.99034321797,8,3392,2021-05-18
powiat raciborski,2411,t2411,108513,None,None,43404,439,12972,241,1320566551.6308599,284943.783365904,317,8017,2021-05-18
powiat cieszyński,2403,t2403,178139,None,None,61931,720,17322,11,1746094047.98535,297963.581678226,794,10933,2021-05-18
powiat krośnieński,1807,t1807,112414,None,None,27005,113,8284,52,2359074440.7656302,386308.471975173,215,1466,2021-05-18
powiat nyski,1607,t1607,136946,None,None,46801,794,11132,186,3017485437.58887,412248.516378641,3363,9200,2021-05-18
powiat Jelenia Góra,261,t0261,79480,None,None,39759,187,11278,5,273672854.238281,146391.453307817,132,6463,2021-05-18
powiat zgorzelecki,225,t0225,90003,None,None,25949,115,7874,61,2132117267.69336,386431.113289665,256,1315,2021-05-18
powiat przasnyski,1422,t1422,52824,None,None,21796,163,5859,61,3379846423.33496,414273.631272807,532,3319,2021-05-18
powiat Ostrołęka,1461,t1461,52262,None,None,40018,222,13083,182,92778715.2519531,60930.284348666,305,2039,2021-05-18
powiat średzki,3025,t3025,58456,None,None,22062,470,4844,47,1654338840.12109,276699.430033747,193,674,2021-05-18
powiat jarociński,3006,t3006,71686,None,None,19346,252,5568,29,1548712812.72559,242427.76224718802,37,687,2021-05-18
powiat Gdynia,2262,t2262,246309,None,None,138791,1567,37362,681,400077606.737305,115156.27472486699,3899,16244,2021-05-18
powiat Świnoujście,3263,t3263,40910,None,None,18070,391,4971,4,579660814.197266,106283.270909058,975,4845,2021-05-18
powiat kamiennogórski,207,t0207,43621,None,None,12896,134,3612,33,986597842.087891,216304.09811703302,17,2339,2021-05-18
powiat pabianicki,1008,t1008,119289,None,None,44961,143,11277,18,1277442648.47559,277941.70249674,15,2520,2021-05-18
powiat kolneński,2006,t2006,38396,None,None,11661,30,3485,0,2639716648.68652,370471.72265526396,552,1387,2021-05-18
powiat Opole,1661,t1661,128137,None,None,94842,696,26416,334,370507528.03710896,155580.155286229,3276,11188,2021-05-18
powiat ostródzki,2815,t2815,104780,None,None,27659,94,7415,23,5042597559.16211,622700.634562464,13,1544,2021-05-18
powiat Piekary Śląskie,2471,t2471,55299,None,None,15494,138,3911,0,98519196.1826172,59359.6945616342,41,1615,2021-05-18
powiat przemyski,1813,t1813,74398,None,None,9087,0,2735,0,2900318656.96875,421926.78154785896,9809,26109,2021-05-18
powiat Przemyśl,1862,t1862,61251,None,None,22295,236,6525,103,110467770.129883,63587.48657781941,1830,9065,2021-05-18
powiat warszawski zachodni,1432,t1432,117007,None,None,45542,241,11516,1,1422442797.8447301,300946.070073515,1477,8592,2021-05-18
powiat włodawski,619,t0619,38668,None,None,18015,75,5199,0,3237473503.5127,421757.275549954,281,1281,2021-05-18
powiat Lublin,663,t0663,339682,None,None,235426,2621,71745,1376,375389215.995117,125787.250021537,4419,23821,2021-05-18
powiat bocheński,1201,t1201,106514,None,None,28074,488,7012,0,1565150432.29883,259581.649769124,57,767,2021-05-18
powiat Tarnów,1263,t1263,109062,None,None,45432,187,12731,38,175003818.80273402,70971.079900714,1821,3392,2021-05-18
powiat wschowski,812,t0812,39065,None,None,9465,0,2510,0,1631936221.04395,300539.29975909996,8,59,2021-05-18
powiat międzyrzecki,803,t0803,58024,None,None,32100,260,8562,146,3738526044.1904297,366585.342178519,328,3448,2021-05-18
powiat słubicki,805,t0805,47101,None,None,15563,181,3777,92,2674396111.4443398,341524.75187732803,590,3931,2021-05-18
powiat nowotomyski,3015,t3015,75363,None,None,23287,2,6808,0,2708226989.77637,356009.057280805,13,156,2021-05-18
powiat wągrowiecki,3028,t3028,70274,None,None,10915,193,2092,1,2839515430.41016,384674.710440206,91,608,2021-05-18
powiat bielski,2003,t2003,54863,None,None,19831,218,6359,15,3772902657.40527,367926.857453989,2199,5961,2021-05-18
powiat suwalski,2012,t2012,35792,None,None,4376,0,1527,0,3807644351.07422,482374.649154737,8,394,2021-05-18
powiat słupski,2212,t2212,98816,None,None,18261,25,4815,0,6810226908.76074,686904.127444761,776,3609,2021-05-18
powiat ostrowiecki,2607,t2607,110127,None,None,36511,467,9763,117,1550243320.2441401,279517.927906082,301,3870,2021-05-18
powiat skarżyski,2610,t2610,74817,None,None,18730,121,4896,60,1000498228.1347699,222935.079479576,302,969,2021-05-18
powiat kartuski,2205,t2205,136619,None,None,34115,113,10039,47,3285729738.0566397,380315.475014505,58,6817,2021-05-18
powiat częstochowski,2404,t2404,134919,None,None,37230,325,9645,31,3805747787.2910204,623547.2326796061,454,3526,2021-05-18
powiat pyrzycki,3212,t3212,39639,None,None,12385,0,2911,0,2011115628.65234,331192.169112767,252,2282,2021-05-18
powiat Siemianowice Śląskie,2474,t2474,67154,None,None,43931,242,11529,40,62404954.3388672,44423.400093766504,1210,9116,2021-05-18
powiat Elbląg,2861,t2861,120142,None,None,56064,682,14557,122,232181725.765625,105408.755357828,1483,4288,2021-05-18
powiat gryfiński,3206,t3206,82530,None,None,22615,175,6899,175,5157744942.57129,487517.436356324,212,3061,2021-05-18
powiat Bytom,2462,t2462,166795,None,None,57689,352,13568,145,170473785.165039,80392.1656585749,285,3700,2021-05-18
powiat złotoryjski,226,t0226,43869,None,None,15640,58,4104,1,1459493572.70605,240558.492383135,162,1541,2021-05-18
powiat wrocławski,223,t0223,146060,None,None,43630,19,11286,12,2821017710.49219,496606.381065412,785,9361,2021-05-18
powiat milicki,213,t0213,37093,None,None,15390,82,4589,13,1842781816.21094,255055.40826808603,125,1829,2021-05-18
powiat lubiński,211,t0211,106254,None,None,63112,1305,16549,494,1825997740.2373,266753.972773348,1014,4400,2021-05-18
powiat lipnowski,408,t0408,66062,None,None,21674,14,5757,0,2778859861.43652,371697.84727588703,290,1716,2021-05-18
powiat żniński,419,t0419,70413,None,None,19958,245,5229,0,2691825916.44824,415134.49210839,46,529,2021-05-18
powiat radziejowski,411,t0411,40714,None,None,16965,0,4477,0,1641671509.6552699,231930.49629944802,334,806,2021-05-18
powiat nakielski,410,t0410,86590,None,None,20308,512,4521,130,3099664056.30371,306958.624447192,327,2529,2021-05-18
powiat bartoszycki,2801,t2801,57916,None,None,24139,162,6140,1,3822722111.4638705,418622.83898197,1211,5620,2021-05-18
powiat żywiecki,2417,t2417,153226,None,None,41050,240,11192,152,2473824899.72266,289829.011985745,3332,9526,2021-05-18
powiat sokólski,2011,t2011,67466,None,None,20505,240,6043,64,5784885283.40625,523052.945987919,696,2602,2021-05-18
powiat jasielski,1805,t1805,113962,None,None,27531,56,8246,0,1981025924.2529302,315300.692341654,587,4139,2021-05-18
powiat głubczycki,1602,t1602,45883,None,None,20861,38,5458,1,1635437617.54395,251300.268357463,1282,3615,2021-05-18
powiat nowosądecki,1210,t1210,216176,None,None,53883,217,15848,127,3679272292.6464796,468186.173876128,173,2220,2021-05-18
powiat Zielona Góra,862,t0862,140297,None,None,58185,319,20097,6,731147002.3154299,183175.794975734,146,1976,2021-05-18
powiat Skierniewice,1063,t1063,48178,None,None,32601,253,8851,164,90725545.7392578,66451.7884637495,400,2979,2021-05-18
powiat żagański,810,t0810,79583,None,None,23049,211,5700,0,2925888620.32129,420513.80579455703,901,5253,2021-05-18
powiat Gdańsk,2261,t2261,466631,None,None,393993,7328,92381,1091,782290831.323242,234068.953735602,13393,51427,2021-05-18
powiat Łódź,1061,t1061,685285,None,None,436306,2548,119096,1077,763878705.541016,163588.96958832198,3859,37744,2021-05-18
powiat piotrkowski,1010,t1010,91315,None,None,18804,0,5485,0,3655973906.22949,557507.142361615,1449,7684,2021-05-18
powiat ostrowski,1416,t1416,72782,None,None,23121,58,6381,22,3322054195.95996,511647.532544658,1052,3483,2021-05-18
powiat starogardzki,2213,t2213,128004,None,None,38977,173,11271,2,3861692228.43945,467422.631625109,219,1908,2021-05-18
powiat Poznań,3064,t3064,536438,None,None,473862,2738,120949,853,702358998.167969,191253.077099094,4834,36546,2021-05-18
powiat Konin,3062,t3062,74151,None,None,39638,382,10029,83,218896297.642578,117807.36542911801,353,2281,2021-05-18
powiat stalowowolski,1818,t1818,106619,None,None,38377,0,12057,0,2062600854.0302699,335584.529494752,175,3205,2021-05-18
powiat Tarnobrzeg,1864,t1864,47047,None,None,30328,53,8343,28,212505425.64355502,78850.517372233,589,5381,2021-05-18
powiat płoński,1420,t1420,87409,None,None,30303,359,7059,0,3738408450.09375,447731.54239283706,773,2166,2021-05-18
powiat siedlecki,1426,t1426,81352,None,None,15157,0,4924,0,4256250638.49805,540078.8588597811,74,908,2021-05-18
powiat garwoliński,1403,t1403,108993,None,None,31981,206,8332,78,3359236561.41699,372001.17322679295,101,3802,2021-05-18
powiat lipski,1409,t1409,34214,None,None,12737,30,4193,0,1879579612.48535,273789.539411726,46,529,2021-05-18
powiat hrubieszowski,604,t0604,63698,None,None,19511,100,6163,0,3166701136.0742197,469257.060750748,220,1887,2021-05-18
powiat kraśnicki,607,t0607,96043,None,None,31459,41,8055,6,2525874677.4570303,318965.916177832,660,3943,2021-05-18
powiat łęczyński,610,t0610,57457,None,None,19944,129,6071,1,1625544159.36035,270894.976131701,955,2193,2021-05-18
powiat opolski,612,t0612,59726,None,None,20128,117,5721,57,2054769709.10156,296158.362227658,432,2112,2021-05-18
powiat rycki,616,t0616,56166,None,None,25218,78,7064,14,1594005160.85254,291445.49731862696,96,1282,2021-05-18
powiat Zamość,664,t0664,63813,None,None,44591,324,12819,172,75711700.2998047,55448.644503339005,1038,2491,2021-05-18
powiat dąbrowski,1204,t1204,59350,None,None,16798,62,4993,25,1295031412.0625,216986.579564985,146,1239,2021-05-18
powiat krakowski,1206,t1206,277145,None,None,61318,410,16917,176,2991078326.5498,541465.071212837,266,7202,2021-05-18
powiat wieruszowski,1018,t1018,42213,None,None,14313,65,4012,0,1474743689.4296901,252644.459219919,142,1437,2021-05-18
powiat żarski,811,t0811,96876,None,None,49356,543,11628,183,3617356392.3496103,404171.015039335,1734,6689,2021-05-18
powiat krośnieński,802,t0802,55245,None,None,24067,571,5705,12,3665138843.5341797,380828.48138219205,1256,2853,2021-05-18
powiat dębicki,1803,t1803,135471,None,None,34856,196,11024,146,1878746289.3818398,303613.65460076,4073,15950,2021-05-18
powiat namysłowski,1606,t1606,42688,None,None,12505,46,3467,12,1888383301.9638698,282595.09950928803,560,706,2021-05-18
powiat czarnkowsko-trzcianecki,3002,t3002,87420,None,None,37225,192,9730,24,4962711242.34668,507649.967315707,921,4536,2021-05-18
powiat Płock,1462,t1462,120000,None,None,58026,416,18260,156,237963975.38574198,102794.32351678099,562,2499,2021-05-18
powiat grajewski,2004,t2004,47518,None,None,13623,6,3818,6,2736196658.59863,395920.655487621,2251,5343,2021-05-18
powiat starachowicki,2611,t2611,90377,None,None,26728,198,6878,93,1322198619.58496,268661.717844902,861,4902,2021-05-18
powiat konecki,2605,t2605,80648,None,None,20482,90,5673,90,2889776300.53418,372004.609539605,148,1490,2021-05-18
powiat elbląski,2804,t2804,57549,None,None,15353,190,4173,0,4108865766.7675796,550834.233356802,352,1128,2021-05-18
powiat nidzicki,2811,t2811,33068,None,None,22213,143,7834,64,2691382367.40137,322133.038296605,63,810,2021-05-18
powiat nowomiejski,2812,t2812,43997,None,None,14006,50,3953,40,1951879176.0341802,320562.591769153,4,1395,2021-05-18
powiat Ruda Śląska,2472,t2472,138000,None,None,81099,833,16756,115,189657159.87011698,85686.2378231333,1330,8474,2021-05-18
powiat białogardzki,3201,t3201,47846,None,None,21559,682,5457,682,2439534056.98926,370715.07109233795,505,2674,2021-05-18
powiat zawierciański,2416,t2416,118434,None,None,40244,138,10479,38,2480095071.6933603,424769.434156876,1069,8983,2021-05-18
powiat Chorzów,2463,t2463,108434,None,None,61009,289,20444,6,81256741.5449219,58628.937670012005,1135,8298,2021-05-18
powiat Katowice,2469,t2469,294510,None,None,304590,2943,79766,751,401573752.233398,143171.728167485,9087,48196,2021-05-18
powiat bolesławiecki,201,t0201,90200,None,None,30889,30,8726,5,3335601285.9082,377983.448623315,54,1261,2021-05-18
powiat Wałbrzych,265,t0265,112594,None,None,119356,1359,36327,1051,211526287.736328,92313.6890134613,340,7372,2021-05-18
powiat sępoleński,413,t0413,41147,None,None,20409,334,5285,40,2224053728.90625,259730.608499337,323,862,2021-05-18
powiat Włocławek,464,t0464,110802,None,None,35633,351,8306,21,228838783.194336,116887.790693996,808,5876,2021-05-18
powiat hajnowski,2005,t2005,43143,None,None,16726,173,5567,141,4423810031.980471,417824.974635982,473,2498,2021-05-18
powiat chrzanowski,1203,t1203,125385,None,None,45407,325,12151,114,897406980.8125,202290.66105331198,457,3842,2021-05-18
powiat wejherowski,2215,t2215,215908,None,None,66926,1125,17557,335,3821633446.55859,400222.27399664297,252,4910,2021-05-18
powiat Szczecin,3262,t3262,402465,None,None,283125,3766,69657,2003,844268660.820313,263409.379090085,3639,25885,2021-05-18
powiat pucki,2211,t2211,85726,None,None,22034,147,5800,0,1739677674.27051,387650.90843400604,10,276,2021-05-18
powiat rawski,1013,t1013,48808,None,None,12304,10,3726,10,1684433667.3418,281026.043216245,421,1286,2021-05-18
powiat łowicki,1005,t1005,78616,None,None,44050,580,12348,149,2615959067.66504,307001.093622813,575,5330,2021-05-18
powiat skierniewicki,1015,t1015,38195,None,None,10466,22,3262,0,1977873834.17188,452407.567922069,134,629,2021-05-18
powiat iławski,2807,t2807,93020,None,None,23142,409,6220,18,3934946267.96973,454277.15201539296,160,1668,2021-05-18
powiat Gorzów Wielkopolski,861,t0861,123921,None,None,59088,863,16602,293,233882527.14550802,88836.3253730759,2106,14479,2021-05-18
powiat niżański,1812,t1812,66843,None,None,16463,128,4790,88,1936966754.9541,400621.917814561,527,1629,2021-05-18
powiat tarnobrzeski,1820,t1820,53236,None,None,7160,0,2533,0,1286802896.8076198,249403.536869562,47,986,2021-05-18
powiat nowodworski,1414,t1414,79291,None,None,40200,546,9987,192,1869070399.01953,283802.727883308,116,1092,2021-05-18
powiat pruszkowski,1421,t1421,164240,None,None,42244,391,11675,223,652599621.617188,199043.73582495103,1924,16546,2021-05-18
powiat przysuski,1423,t1423,41922,None,None,12041,108,3788,58,2057964837.76953,340682.429396494,2,11,2021-05-18
powiat białobrzeski,1401,t1401,33551,None,None,14444,3,3664,1,1654609727.9736302,291658.95493134,206,2098,2021-05-18
powiat wyszkowski,1435,t1435,74065,None,None,24519,0,7466,0,2378185296.87695,369000.38716681703,31,2430,2021-05-18
powiat biłgorajski,602,t0602,101435,None,None,26253,275,8481,110,4151855799.4941397,604121.155526711,475,1722,2021-05-18
powiat chełmski,603,t0603,78228,None,None,16626,14,4893,0,4781402739.14063,532966.961250115,2725,6390,2021-05-18
powiat parczewski,613,t0613,34954,None,None,14826,350,4577,86,2467366518.68262,323174.787657968,154,991,2021-05-18
powiat świdnicki,617,t0617,72039,None,None,20143,9,5736,4,1187553321.86523,253413.88721879,1097,3059,2021-05-18
powiat kutnowski,1002,t1002,97295,None,None,36732,75,9500,40,2363207450.12012,304624.624377787,1102,5379,2021-05-18
powiat łódzki wschodni,1006,t1006,71705,None,None,14365,0,3899,0,1297988929.32422,372378.09900233796,86,1272,2021-05-18
powiat kolbuszowski,1806,t1806,62476,None,None,11767,24,3682,8,1892574768.9013698,290541.451777031,2442,6936,2021-05-18
powiat oleski,1608,t1608,64602,None,None,23808,483,6324,82,2444001525.11035,382686.21883574204,479,1461,2021-05-18
powiat strzelecki,1611,t1611,74665,None,None,23336,178,6252,0,1840279001.54785,283411.750627874,87,2349,2021-05-18
powiat złotowski,3031,t3031,69606,None,None,17289,154,5246,113,4664629244.44727,426033.274918689,218,1011,2021-05-18
powiat Suwałki,2063,t2063,69827,None,None,25598,154,7214,95,190254690.25,81050.8149018933,2916,9462,2021-05-18
powiat kościański,3011,t3011,79230,None,None,18983,309,4631,89,1907396020.95117,267822.908501031,2,1357,2021-05-18
powiat grodziski,3005,t3005,51972,None,None,13883,0,3900,0,1709338903.07617,271215.298144378,6,751,2021-05-18
powiat szamotulski,3024,t3024,91185,None,None,25388,73,7730,20,3030789594.62695,403014.800994716,144,5305,2021-05-18
powiat Kielce,2661,t2661,195774,None,None,128576,1058,31554,428,274206701.41601604,111822.780470095,3028,16312,2021-05-18
powiat staszowski,2612,t2612,72167,None,None,16642,83,5102,43,2287369712.5507803,366746.26733640005,4301,13993,2021-05-18
powiat ełcki,2805,t2805,91359,None,None,36259,409,8326,171,3186906310.05762,408278.53768559295,1375,7122,2021-05-18
powiat dzierżoniowski,202,t0202,101437,None,None,29257,89,8452,89,1192917004.3720698,198073.60585877,42,2901,2021-05-18
powiat tczewski,2214,t2214,115876,None,None,31540,130,9111,0,2007082561.3779302,289569.23050845397,12,1667,2021-05-18
powiat kołobrzeski,3208,t3208,79547,None,None,40128,61,9075,22,2101844654.64648,281515.92535961303,509,4904,2021-05-18
powiat Koszalin,3261,t3261,107321,None,None,53724,435,14169,86,286939078.74707,118697.74131985901,82,4904,2021-05-18
powiat kłobucki,2406,t2406,84924,None,None,25238,40,6947,32,2234196382.83594,266589.90690714604,365,2902,2021-05-18
powiat gliwicki,2405,t2405,115558,None,None,48911,342,13761,177,1631871184.7236302,351261.832335465,3292,17358,2021-05-18
powiat lubliniecki,2407,t2407,76593,None,None,23106,100,6617,96,2046343964.59766,326718.554807127,47,1240,2021-05-18
powiat Bielsko-Biała,2461,t2461,171259,None,None,86228,185,24123,155,299126125.956055,100928.24851039801,104,2984,2021-05-18
powiat Legnica,262,t0262,99752,None,None,38950,609,9038,21,143099242.533203,69173.53043314531,30,1342,2021-05-18
powiat grudziądzki,406,t0406,40271,None,None,8559,345,2019,0,2053679596.1748,320632.050055745,45,1132,2021-05-18
powiat wołowski,222,t0222,47056,None,None,17829,64,5352,34,1729518805.82422,214555.89967103,208,3588,2021-05-18
powiat toruński,415,t0415,106935,None,None,26966,173,5211,20,3398262331.03906,572718.131689481,398,1688,2021-05-18
powiat chełmiński,404,t0404,52193,None,None,16644,148,4316,96,1472654859.6015599,213347.62530083,32,583,2021-05-18
powiat wodzisławski,2415,t2415,157616,None,None,45021,685,11666,317,692842941.3740231,151950.194505608,1870,15750,2021-05-18
powiat leski,1821,t1821,26562,None,None,6474,13,2032,1,1961972421.7168,266889.141223158,6980,16060,2021-05-18
powiat bieszczadzki,1801,t1801,21879,None,None,4534,34,1403,4,2679519132.45605,397554.493390249,2367,5090,2021-05-18
powiat prudnicki,1610,t1610,55524,None,None,18256,287,4514,47,1402410371.59766,303245.982526345,48,2956,2021-05-18
powiat ząbkowicki,224,t0224,65428,None,None,26059,86,8127,36,1985071871.54785,258125.950199205,140,3266,2021-05-18
powiat makowski,1411,t1411,45247,None,None,17667,0,5082,0,2923363483.2568398,327282.216368762,29,1056,2021-05-18
powiat pszczyński,2410,t2410,111202,None,None,20975,236,4925,8,1139124903.16895,287647.07512208103,14,483,2021-05-18
powiat gołdapski,2818,t2818,26908,None,None,8239,112,2639,24,2260887824.5566397,290864.544223235,161,1461,2021-05-18
powiat Sopot,2264,t2264,36046,None,None,55723,668,18691,339,51469728.5507813,32975.813749398796,1139,8030,2021-05-18
powiat rzeszowski,1816,t1816,170486,None,None,30124,0,10124,0,2778087509.0507803,566439.0777742789,2318,9982,2021-05-18
powiat jeleniogórski,206,t0206,63855,None,None,25243,70,7609,49,1572771746.11523,386508.767242305,94,1831,2021-05-18
powiat świdnicki,219,t0219,157615,None,None,39171,502,12442,124,1861288483.42773,286373.02685892396,136,2589,2021-05-18
powiat opoczyński,1007,t1007,76623,None,None,24428,267,6551,9,2668044542.28223,371545.650926993,1055,4564,2021-05-18
powiat człuchowski,2203,t2203,56370,None,None,17713,142,4959,0,4490996539.26074,393664.73993621103,32,1052,2021-05-18
powiat ostrowski,3017,t3017,161519,None,None,54829,59,14401,0,3003853559.08594,403512.76732296,1437,9202,2021-05-18
powiat Kalisz,3061,t3061,100975,None,None,48231,1087,11664,368,180453475.983398,67626.30439796491,1144,2480,2021-05-18
powiat mławski,1413,t1413,73102,None,None,23050,101,6879,25,3265455417.0371103,380211.014570982,166,6872,2021-05-18
powiat gorzowski,801,t0801,71549,None,None,14918,64,4768,47,3304274488.8554697,512890.937721429,1130,7172,2021-05-18
powiat strzyżowski,1819,t1819,61558,None,None,14506,12,4559,0,1210484290.4296901,194071.8212684,2325,7615,2021-05-18
powiat miński,1412,t1412,153824,None,None,52170,313,13446,50,3089522271.86523,431764.53567096795,99,1895,2021-05-18
powiat zwoleński,1436,t1436,36328,None,None,12349,60,3637,60,1467531761.99805,291986.53811136197,9,501,2021-05-18
powiat żuromiński,1437,t1437,38944,None,None,12430,80,3827,58,2226333876.54492,344238.830221483,49,756,2021-05-18
powiat lubelski,609,t0609,154387,None,None,40043,315,11372,96,4261752304.72949,630860.255867376,1450,5632,2021-05-18
powiat proszowicki,1214,t1214,43523,None,None,15833,0,3845,0,1010354642.40723,264910.70952977,12,400,2021-05-18
powiat wielicki,1219,t1219,127078,None,None,35190,611,6927,223,993000378.792969,206368.393277271,3135,8442,2021-05-18
powiat sieradzki,1014,t1014,118240,None,None,40500,329,9776,22,3855517868.05371,383007.536023048,1021,4215,2021-05-18
powiat brzeziński,1021,t1021,30890,None,None,16089,166,5087,122,937933263.9365231,214537.72759949398,60,2051,2021-05-18
powiat strzelecko-drezdenecki,806,t0806,49366,None,None,21905,192,5973,44,3420705824.3193398,376164.84489952,897,3216,2021-05-18
powiat świebodziński,808,t0808,55840,None,None,25224,0,7603,0,2493817083.9130898,316457.86531607,38,3320,2021-05-18
powiat leżajski,1808,t1808,69562,None,None,18311,48,5385,0,1427793666.1816401,285757.382178615,1623,7246,2021-05-18
powiat lubaczowski,1809,t1809,55652,None,None,17929,2,6110,1,3191073443.78418,330454.353528006,6906,29950,2021-05-18
powiat chodzieski,3001,t3001,47229,None,None,13883,204,3910,0,1886567935.58203,236972.79350484398,10,36,2021-05-18
powiat międzychodzki,3014,t3014,36982,None,None,15641,0,4565,0,1992688622.38281,258969.96760819398,51,449,2021-05-18
powiat kluczborski,1604,t1604,65837,None,None,23582,80,6012,34,2148048442.96094,267318.126073401,854,3088,2021-05-18
powiat jędrzejowski,2602,t2602,86076,None,None,31078,435,7083,232,3120615598.60254,370813.373476225,371,2650,2021-05-18
powiat gostyński,3004,t3004,76011,None,None,33526,117,9437,32,2117825794.53516,319863.422545518,184,2301,2021-05-18
powiat kazimierski,2603,t2603,33851,None,None,10427,55,2864,0,1032386224.98242,216312.062894711,224,1153,2021-05-18
powiat kaliski,3007,t3007,83030,None,None,23079,9,6424,9,3028348089.85156,381309.83633342705,123,4031,2021-05-18
powiat siemiatycki,2010,t2010,44689,None,None,16351,232,3865,30,3928443040.2714796,380720.760968661,51,657,2021-05-18
powiat gdański,2204,t2204,116199,None,None,21392,252,6492,6,2318010000.15234,277935.961645686,90,1860,2021-05-18
powiat szczycieński,2817,t2817,69885,None,None,24093,90,6810,89,5465916888.66016,486292.130885313,222,2524,2021-05-18
powiat łobeski,3218,t3218,37104,None,None,13164,462,1934,2,3025854335.04199,378022.366827737,1089,5707,2021-05-18
powiat gryficki,3205,t3205,60617,None,None,14630,100,4786,100,2930836142.93262,346594.733454096,32,958,2021-05-18
powiat myszkowski,2409,t2409,71119,None,None,25706,311,7318,104,1189033436.6298802,259666.068253461,297,2919,2021-05-18
powiat oleśnicki,214,t0214,107062,None,None,28286,149,7392,29,2675795304.53027,334046.165872709,838,3361,2021-05-18
powiat strzeliński,217,t0217,43773,None,None,16211,55,4578,30,1551524820.6904302,283969.96129487397,10,2545,2021-05-18
powiat wąbrzeski,417,t0417,34413,None,None,10664,78,3035,78,1398759945.7832,250195.41345599698,68,285,2021-05-18
powiat kętrzyński,2808,t2808,62924,None,None,16943,155,4761,109,3529568462.52344,350840.192466388,313,759,2021-05-18
powiat białostocki,2002,t2002,148145,None,None,34206,224,10543,53,8239024088.07031,897536.398314148,1589,5058,2021-05-18
powiat augustowski,2001,t2001,58367,None,None,20405,86,5782,10,4749448718.57813,470367.63766109396,832,6954,2021-05-18
powiat wałbrzyski,221,t0221,56004,None,None,17166,57,5469,3,1072700110.68945,262656.333731912,352,2353,2021-05-18
powiat kłodzki,208,t0208,159337,None,None,60732,109,19439,79,4034565760.8291,393279.26055830397,1123,5666,2021-05-18
powiat Tychy,2477,t2477,127831,None,None,46489,636,13188,247,199307340.46289098,85374.7827234173,1224,7140,2021-05-18
powiat Rybnik,2473,t2473,138696,None,None,28301,670,8565,425,360853891.52832,153111.884584471,813,3714,2021-05-18
powiat sokołowski,1429,t1429,54217,None,None,21172,80,6771,8,3047283001.68262,318902.161481116,231,2645,2021-05-18
powiat grójecki,1406,t1406,98451,None,None,44998,76,12435,2,3309781776.77246,493239.482673522,140,13172,2021-05-18
powiat lubartowski,608,t0608,88789,None,None,25666,66,7853,1,3321129072.25488,421140.423261457,642,3509,2021-05-18
powiat puławski,614,t0614,113762,None,None,48939,281,15420,113,2397070946.7031302,357384.51410152705,272,4638,2021-05-18
powiat radzyński,615,t0615,59278,None,None,15064,50,5183,40,2518146258.05371,359479.68496675603,338,1097,2021-05-18
powiat Biała Podlaska,661,t0661,57352,None,None,34130,227,8456,203,130143722.19043,56750.896551846905,1994,5542,2021-05-18
powiat Nowy Sącz,1262,t1262,83896,None,None,23639,477,6649,8,137019019.33398402,64342.555169331696,57,925,2021-05-18
powiat pilski,3019,t3019,136621,None,None,39634,296,11229,35,3514938284.20117,538463.870917254,1526,4411,2021-05-18
powiat wysokomazowiecki,2013,t2013,57248,None,None,24100,35,7567,0,3532159086.1191397,448993.467098565,540,2217,2021-05-18
powiat buski,2601,t2601,72058,None,None,24304,132,7234,81,2383983469.9541,361748.330722244,161,1578,2021-05-18
powiat śremski,3026,t3026,61325,None,None,16200,100,5618,0,1517040224.3447301,253134.98765822602,522,525,2021-05-18
powiat kępiński,3008,t3008,56486,None,None,18757,5,4978,0,1549581909.4453099,239340.067239437,76,1404,2021-05-18
powiat turecki,3027,t3027,84101,None,None,22301,223,6451,107,2449067164.69238,267276.902394526,1388,3733,2021-05-18
powiat opatowski,2606,t2606,52577,None,None,17295,0,5419,0,2280916408.5566397,413393.0184524,9,657,2021-05-18
powiat Słupsk,2263,t2263,91007,None,None,44845,301,8776,107,127855936.60253899,64863.0992788846,11,3274,2021-05-18
powiat pińczowski,2608,t2608,39271,None,None,14290,118,3871,71,1512090840.56445,316309.021584413,263,2206,2021-05-18
powiat koszaliński,3209,t3209,66355,None,None,16733,71,4849,25,4802461094.23535,639249.990933658,649,2540,2021-05-18
powiat bielski,2402,t2402,165000,None,None,41882,131,11061,0,1098655279.0234401,368214.437778776,742,5127,2021-05-18
powiat węgorzewski,2819,t2819,22873,None,None,8734,101,2236,101,2023476267.0341802,240588.36234937,5,480,2021-05-18
powiat bieruńsko-lędziński,2414,t2414,59760,None,None,15343,29,4251,28,383875475.881836,130272.326950372,7,390,2021-05-18
powiat policki,3211,t3211,79476,None,None,20123,175,5168,25,1879882359.44141,303929.415149801,140,2816,2021-05-18
powiat polkowicki,216,t0216,62982,None,None,12123,92,2191,61,2010696648.1201198,349714.158340608,841,6723,2021-05-18
powiat Jastrzębie-Zdrój,2467,t2467,89128,None,None,21387,73,7087,1,206561969.686523,98342.9092001018,1115,6292,2021-05-18
powiat tatrzański,1217,t1217,68146,None,None,14892,171,4797,48,1107994424.7490199,195800.26319953302,204,2102,2021-05-18
powiat nowotarski,1211,t1211,191508,None,None,55004,329,15319,270,3491170128.4316397,434088.962845433,367,2540,2021-05-18
powiat lwówecki,212,t0212,46059,None,None,16582,20,4957,1,1791671608.3125,290362.02656196104,7,625,2021-05-18
powiat legionowski,1408,t1408,116775,None,None,29808,30,6445,0,1050432528.19531,202673.124362511,45,1428,2021-05-18
powiat olecki,2813,t2813,34433,None,None,10298,60,2950,25,2529572750.7753897,313683.732523237,2,639,2021-05-18
powiat tomaszowski,1016,t1016,117259,None,None,45734,595,11648,21,2650862409.14355,361834.099308935,1298,8765,2021-05-18
powiat zambrowski,2014,t2014,43816,None,None,10388,139,2560,47,2021082096.65234,340355.08608017396,379,1526,2021-05-18
powiat będziński,2401,t2401,148762,None,None,44107,1193,10058,59,895329450.2480471,251565.47284124698,2349,9382,2021-05-18
powiat płocki,1419,t1419,111088,None,None,32442,0,9338,0,4850008720.22266,595477.49802993,235,3301,2021-05-18
powiat pułtuski,1424,t1424,51809,None,None,20613,66,6124,0,2247263624.6679697,304226.720743941,566,2005,2021-05-18
powiat sochaczewski,1428,t1428,85105,None,None,32306,51,7009,2,1958228965.2548802,305801.749984087,919,11318,2021-05-18
powiat bialski,601,t0601,111391,None,None,29494,62,8623,0,7247820834.50781,638336.320862491,384,2853,2021-05-18
powiat krasnostawski,606,t0606,63925,None,None,18644,218,5403,1,2596368801.46387,334327.676555345,140,395,2021-05-18
powiat zamojski,620,t0620,106935,None,None,23470,94,7505,40,4658677886.98633,548427.642453531,261,1460,2021-05-18
powiat tarnowski,1216,t1216,201570,None,None,40949,115,10822,2,3404994317.3242197,519715.75670363,513,3183,2021-05-18
powiat bełchatowski,1001,t1001,112997,None,None,28530,214,8231,58,2478555606.20605,348660.069436165,1122,5487,2021-05-18
powiat łaski,1003,t1003,50103,None,None,13365,195,3445,50,1594839691.0546901,350153.317240031,334,2385,2021-05-18
powiat łęczycki,1004,t1004,50143,None,None,21085,149,6013,4,2043093073.8505898,331111.925959186,199,1217,2021-05-18
powiat pajęczański,1009,t1009,51597,None,None,11984,0,3411,0,2041041839.7880898,328415.50183355,498,2163,2021-05-18
powiat radomszczański,1012,t1012,113315,None,None,37696,169,10133,35,3648656911.56445,469708.50083280203,92,1329,2021-05-18
powiat zduńskowolski,1019,t1019,66766,None,None,18590,93,6067,34,957463625.324219,218444.529553649,343,612,2021-05-18
powiat nowosolski,804,t0804,86634,None,None,38651,202,9187,0,2012357511.50391,370992.69790303,918,4338,2021-05-18
powiat jarosławski,1804,t1804,120714,None,None,23981,385,5792,126,2486703260.41016,359311.945947608,14528,37707,2021-05-18
powiat mielecki,1811,t1811,136673,None,None,45260,748,13121,382,2153715315.0459,264604.56424605,5048,28007,2021-05-18
powiat Warszawa,1465,t1465,1777972,None,None,1114503,12967,309282,4267,1376160776.66602,214692.55830781898,10560,153652,2021-05-18
powiat krapkowicki,1605,t1605,63942,None,None,41298,675,6856,0,1089295265.85938,234187.881288661,1688,12886,2021-05-18
powiat moniecki,2008,t2008,40712,None,None,11204,30,3417,0,3881692619.78027,456047.861348863,204,2091,2021-05-18
powiat kielecki,2604,t2604,210694,None,None,49836,198,13416,23,5623631191.18164,721194.257536161,1072,8845,2021-05-18
powiat wrzesiński,3030,t3030,77667,None,None,21678,101,5457,101,1875292550.0029302,318093.684499369,173,3463,2021-05-18
powiat gnieźnieński,3003,t3003,145317,None,None,53922,769,14693,101,3387084108.12891,433067.949245856,93,4775,2021-05-18
powiat malborski,2209,t2209,63748,None,None,18440,146,5598,1,1432595733.8984401,208979.60729007103,30,42,2021-05-18
powiat lidzbarski,2809,t2809,41512,None,None,13929,164,3753,12,2683643469.92383,413189.805412815,106,594,2021-05-18
powiat olsztyński,2814,t2814,126018,None,None,43118,317,12951,180,8123036045.54785,784900.720122615,618,3867,2021-05-18
powiat sławieński,3213,t3213,56409,None,None,22722,20,5200,0,3067594055.0781302,325339.944086542,169,5607,2021-05-18
powiat działdowski,2803,t2803,65442,None,None,19967,157,5524,28,2660890636.7128897,353531.172717495,28,2294,2021-05-18
powiat górowski,204,t0204,35182,None,None,10770,184,2684,0,1912893854.8447301,258921.58362859397,180,2305,2021-05-18
powiat sztumski,2216,t2216,41569,None,None,16166,188,4199,0,2101661592.0048802,286806.38167257,30,2596,2021-05-18
powiat kwidzyński,2207,t2207,83291,None,None,21858,257,5543,10,2379609775.93555,260857.64873717198,1327,4912,2021-05-18
powiat Dąbrowa Górnicza,2465,t2465,120259,None,None,34127,0,8748,0,463018284.35546905,146083.299515381,264,11643,2021-05-18
powiat Mysłowice,2470,t2470,74586,None,None,25406,10,8037,0,159867446.16894498,71464.68863555019,78,1297,2021-05-18
powiat myśliborski,3210,t3210,66264,None,None,16348,245,4481,53,3240987072.30273,517249.613649622,2211,7139,2021-05-18
powiat golubsko-dobrzyński,405,t0405,45140,None,None,12199,0,3485,0,1696831682.29004,286743.950151634,19,419,2021-05-18
powiat aleksandrowski,401,t0401,55274,None,None,75901,40,23780,11,1296710521.2783198,232341.183509771,114,3202,2021-05-18
powiat świecki,414,t0414,99281,None,None,30817,317,7880,17,4161779122.2324204,420257.287270488,45,2995,2021-05-18
powiat pleszewski,3020,t3020,63147,None,None,25835,180,7956,100,1872548648.6533198,286584.825438946,46,3450,2021-05-18
powiat Krosno,1861,t1861,46511,None,None,21361,43,5864,43,103781954.53418,47866.340478672195,2086,6363,2021-05-18
powiat sejneński,2009,t2009,20092,None,None,6196,0,1923,0,2480079044.1679697,314272.454480858,8,79,2021-05-18
powiat sanocki,1817,t1817,94758,None,None,19308,114,6057,77,2734808085.5195303,313504.260188817,7271,30300,2021-05-18
powiat suski,1215,t1215,84255,None,None,27675,161,7789,0,1636018804.79688,246086.50396376802,132,1494,2021-05-18
powiat zielonogórski,809,t0809,75750,None,None,45278,123,15015,3,3555215972.38281,574728.197217623,523,12966,2021-05-18
powiat wołomiński,1434,t1434,245357,None,None,74763,270,19838,63,2558316767.9628897,351584.203589798,697,13881,2021-05-18
powiat mikołowski,2408,t2408,98373,None,None,22205,120,7096,11,565757168.474609,156628.457361877,866,12907,2021-05-18
powiat goleniowski,3204,t3204,82540,None,None,25885,180,6891,4,4587643440.23242,436418.64976144704,191,2608,2021-05-18
powiat Rzeszów,1863,t1863,191564,None,None,304113,4143,88368,1278,306606318.350586,110538.23536582301,34718,106570,2021-05-18
powiat łomżyński,2007,t2007,51000,None,None,7518,0,2202,0,3769687205.8574204,616000.440153015,387,3086,2021-05-18
powiat opolski,1609,t1609,123520,None,None,33879,0,10652,0,3821907455.73828,643230.80211433,237,6181,2021-05-18
powiat wałecki,3217,t3217,53462,None,None,15117,279,3787,60,3941975760.69824,428814.535313131,1055,2817,2021-05-18
powiat drawski,3203,t3203,57397,None,None,25614,155,6724,66,4968623232.2334,522493.847010783,240,3253,2021-05-18
powiat chojnicki,2202,t2202,97551,None,None,32800,171,8290,39,3906489783.32031,495248.8866778,259,1695,2021-05-18
powiat tarnogórski,2413,t2413,139833,None,None,71286,347,22261,188,1588244813.47852,317816.381141019,657,7797,2021-05-18
powiat lęborski,2208,t2208,66280,None,None,24885,222,7418,49,2100366774.1357398,347765.561380954,155,1407,2021-05-18
powiat bytowski,2201,t2201,79299,None,None,32112,109,9982,60,6375442429.66602,683439.79822554,674,1903,2021-05-18
powiat ciechanowski,1402,t1402,89670,None,None,35368,390,10930,289,2901354618.9804697,376412.83241868,235,4217,2021-05-18
powiat przeworski,1814,t1814,78458,None,None,15292,117,4751,87,1694083664.58496,344633.922933709,9808,30886,2021-05-18
powiat otwocki,1417,t1417,124036,None,None,38774,262,11623,82,1624785921.71875,268932.250852819,77,830,2021-05-18
powiat kozienicki,1407,t1407,60472,None,None,17789,1,5435,0,2372414263.09863,379341.494766686,300,3348,2021-05-18
powiat janowski,605,t0605,46057,None,None,14643,21,5042,1,2181978499.97363,306286.236776912,475,2322,2021-05-18
powiat limanowski,1207,t1207,131523,None,None,34878,575,9296,10,2269382273.37305,285692.748459357,1215,7098,2021-05-18
powiat miechowski,1208,t1208,49137,None,None,29725,272,8980,116,1662032242.75977,238364.407091624,703,5945,2021-05-18
powiat myślenicki,1209,t1209,127028,None,None,36136,847,9269,122,1613866565.74023,259476.914595978,1869,11164,2021-05-18
powiat olkuski,1212,t1212,112035,None,None,44943,317,9546,1,1515215906.7168,270858.286961839,281,2846,2021-05-18
powiat oświęcimski,1213,t1213,153737,None,None,38884,277,10568,7,981320719.567383,261652.61136021,190,3563,2021-05-18
powiat Piotrków Trybunalski,1062,t1062,73670,None,None,32813,390,8951,4,173276488.258789,71881.5522481474,722,1246,2021-05-18
powiat poddębicki,1011,t1011,41205,None,None,14582,0,3725,0,2309433505.95605,312535.395219237,635,2578,2021-05-18
powiat wieluński,1017,t1017,76699,None,None,37322,70,8454,1,2359564045.34766,331626.31884629995,2013,7330,2021-05-18
powiat brzozowski,1802,t1802,65713,None,None,26303,18,8502,1,1289164217.79297,212104.286430237,5497,20920,2021-05-18
powiat kędzierzyńsko-kozielski,1603,t1603,94487,None,None,37912,590,8863,50,1528582222.20508,239939.874436425,1396,5293,2021-05-18
powiat krotoszyński,3012,t3012,77488,None,None,23928,0,7287,0,1858017681.67578,296336.882525476,57,2572,2021-05-18
powiat Białystok,2061,t2061,297459,None,None,248446,808,66471,338,283100479.794922,97695.546879371,14582,54035,2021-05-18
powiat wolsztyński,3029,t3029,57326,None,None,18234,221,5718,218,1795640548.40234,317518.55593830603,7,4539,2021-05-18
powiat sandomierski,2609,t2609,77773,None,None,35759,245,9017,11,1681411214.11133,268886.078133494,210,4191,2021-05-18
powiat szczecinecki,3215,t3215,77965,None,None,41420,111,11900,111,5036378825.394529,454777.748034297,254,8608,2021-05-18
powiat świdwiński,3216,t3216,47242,None,None,15039,31,4020,29,3126598694.81348,365608.646072048,182,2350,2021-05-18
powiat piski,2816,t2816,56570,None,None,26626,199,7849,113,5046179073.80176,433288.872179069,2562,9912,2021-05-18
powiat Świętochłowice,2476,t2476,50012,None,None,17660,76,5313,48,32731936.0644531,30867.1337794506,139,3517,2021-05-18
powiat Zabrze,2478,t2478,173374,None,None,59739,564,16601,72,197347546.361328,88637.79665499581,410,3568,2021-05-18
powiat Olsztyn,2862,t2862,172362,None,None,109635,830,30327,532,252421810.499023,90660.3166511827,805,5628,2021-05-18
powiat braniewski,2802,t2802,41391,None,None,13373,51,3752,51,3529684812.90723,399225.05519669,108,1639,2021-05-18
powiat kamieński,3207,t3207,47227,None,None,18101,20,4866,0,2884174497.7334,290991.457285237,571,4026,2021-05-18
powiat Częstochowa,2464,t2464,222292,None,None,115887,1364,32392,580,399247866.31835896,106411.53028782099,308,3938,2021-05-18
powiat trzebnicki,220,t0220,84886,None,None,28474,269,9323,156,2627227548.87891,336703.855299694,303,1132,2021-05-18
powiat bydgoski,403,t0403,117325,None,None,30215,43,6769,0,3875092483.6748,613678.532160678,230,2519,2021-05-18
powiat oławski,215,t0215,76595,None,None,25515,195,8663,194,1320264010.55078,248842.19689097,33,944,2021-05-18
powiat średzki,218,t0218,54269,None,None,10941,83,3429,18,1785833848.0966802,255838.61467610698,550,1919,2021-05-18
powiat legnicki,209,t0209,55326,None,None,15017,215,3236,0,1894182101.6875,417975.563831618,458,1070,2021-05-18
powiat Bydgoszcz,461,t0461,350178,None,None,191751,1316,50187,671,487859500.85253894,166909.37919818802,1041,18517,2021-05-18
powiat Grudziądz,462,t0462,95045,None,None,53918,473,11997,189,162524079.732422,85793.19224014481,650,3154,2021-05-18
powiat rypiński,412,t0412,43826,None,None,14270,273,4245,0,1621307955.22949,293781.957479165,284,1252,2021-05-18
powiat gorlicki,1205,t1205,109104,None,None,38237,560,10991,16,2298309835.50098,286167.927978425,1516,6389,2021-05-18
powiat lubański,210,t0210,54699,None,None,11515,182,3716,8,1082542424.47266,223520.99360303802,10,206,2021-05-18
powiat wadowicki,1218,t1218,160130,None,None,39862,590,9312,70,1554116100.95508,230170.209458892,1302,3992,2021-05-18
powiat ostrołęcki,1415,t1415,88735,None,None,23354,60,6974,0,5813127391.0127,680466.63982048,174,2230,2021-05-18
powiat Żory,2479,t2479,62456,None,None,22602,324,4389,3,156365802.828125,78538.7891336774,19,1298,2021-05-18
powiat nowodworski,2210,t2210,35746,None,None,14368,0,4260,0,1973229919.88281,300382.777703261,24,609,2021-05-18
powiat jaworski,205,t0205,50545,None,None,18379,188,4732,151,1466351509.92383,295483.721298907,293,3428,2021-05-18
powiat poznański,3021,t3021,390308,None,None,77650,45,22599,1,5091056913.0459,714827.137210189,977,9783,2021-05-18
powiat koniński,3010,t3010,129966,None,None,31042,78,9147,0,4209869970.90723,558031.619017645,195,1441,2021-05-18
