SZCZEPIENIA_SUMA,SZCZEPIENIA_DZIENNIE,DAWKA_2_SUMA,DAWKA_2_DZIENNIE,ODCZYNY_NIEPOZADANE,DAWKI_UTRACONE,SZCZEPIENIA_PLEC_NIEUSTALONO,SZCZEPIENIA_KOBIETY,SZCZEPIENIA_MEZCZYZNI,SZCZEPIENIA0_17,SZCZEPIENIA18_30,SZCZEPIENIA31_40,SZCZEPIENIA41_50,SZCZEPIENIA51_60,SZCZEPIENIA61_70,SZCZEPIENIA71_75,SZCZEPIENIA75_,SZCZEPIENIA_WIEK_NIEUSTALONO,STAN_MAGAZYN,LICZBA_DAWEK_PUNKTY,DAWKA_1_SUMA,SUMA_DAWEK_POLSKA,zamowienia_realizacja,date
0,2177,0,0,7,5,3,220,253,2,47,43,20,18,59,59,59,151,None,None,0,None,None,2020-12-27
2155,2173,0,0,8,5,3,275,317,1,63,74,74,74,74,74,74,13,None,None,2155,None,None,2020-12-28
6423,4378,0,0,10,6,0,329,381,0,79,89,89,81,97,89,89,6,None,None,6423,None,None,2020-12-29
16300,10007,0,0,12,8,0,382,445,0,94,104,104,41,104,104,104,15,None,None,16300,None,None,2020-12-30
36320,20325,0,1,12,10,0,337,509,4,105,119,119,119,119,119,119,19,None,None,36320,None,None,2020-12-31
46204,10578,0,0,15,12,0,492,573,4,121,133,133,133,133,133,133,23,None,None,46204,None,None,2021-01-01
47002,1351,0,3,15,14,1,547,637,6,136,148,148,148,148,148,148,34,None,None,47002,None,None,2021-01-02
48731,2239,0,0,18,14,3,605,701,6,153,163,163,163,163,163,163,38,None,None,48731,None,None,2021-01-03
49117,648,0,0,18,16,3,660,765,8,166,178,178,178,178,178,178,45,None,None,49117,None,None,2021-01-04
88471,40562,0,1,20,16,3,715,829,8,183,193,193,193,193,193,193,46,None,None,88471,None,None,2021-01-05
141970,55213,0,2,20,17,4,768,893,10,193,208,208,208,208,208,208,48,None,None,141970,None,None,2021-01-06
159544,18730,0,0,22,19,5,825,957,12,213,223,223,223,223,223,223,56,None,None,159544,None,None,2021-01-07
188986,30351,0,0,25,20,6,880,1021,14,225,238,238,238,238,238,238,61,None,None,188986,None,None,2021-01-08
200003,11813,2,1,25,22,8,935,1085,16,242,252,252,252,252,252,252,69,None,None,200001,None,None,2021-01-09
201575,2264,3,0,27,24,9,990,1149,18,255,267,267,267,267,267,267,74,None,None,201572,None,None,2021-01-10
202348,994,5,2,29,26,9,1197,1297,19,302,312,274,289,312,312,312,76,None,None,202343,None,None,2021-01-11
249225,47529,8,3,30,26,13,1452,1345,21,341,354,295,300,319,350,330,76,None,None,249217,None,None,2021-01-12
311601,63303,237,0,50,786,48,224557,84619,193,40676,50523,74231,89165,43336,5950,5095,55,568365,483465,311364,1051830,None,2021-01-13
364486,55006,238,1,64,909,83,266318,98085,203,49933,60252,87488,103188,50516,6931,5883,92,559410,521220,364248,1080630,None,2021-01-14
410480,46409,239,1,91,1084,113,301103,109264,0,59185,68184,98086,114161,56130,7750,6643,341,559410,521220,410241,1080630,None,2021-01-15
436963,26171,240,0,122,1360,138,321124,115701,0,64575,72853,104031,120322,59391,8275,7139,377,559410,521220,436723,1080630,None,2021-01-16
457303,20931,256,17,131,1369,164,336138,121001,0,68169,76455,108698,125058,62303,8714,7496,410,559410,521220,457047,1080630,None,2021-01-17
469466,12059,671,432,133,1428,181,344944,124341,0,70638,78682,111417,127701,63836,8939,7811,442,433305,647325,468795,1080630,None,2021-01-18
495164,28231,3468,2928,164,1686,185,362311,132668,0,73446,82535,116694,133077,67676,9937,11337,462,548085,709215,491696,1257300,None,2021-01-19
541229,49453,11174,8099,195,1753,205,392091,148933,0,77162,88028,124503,142225,75264,12168,21369,510,499545,757755,530055,1257300,None,2021-01-20
591785,51004,24992,14429,235,1834,223,425237,166325,0,81223,94137,133138,152565,82814,14367,32986,555,467715,789585,566793,1257300,None,2021-01-21
644999,52953,39686,14729,283,1905,284,461186,183529,0,86104,101151,142975,163867,90654,16410,43196,642,467715,789585,605313,1257300,None,2021-01-22
684277,38154,45479,5243,361,1905,351,489134,194792,0,91658,107364,151064,172063,95926,17797,47662,743,43485,1213815,638798,1257300,None,2021-01-23
701164,16680,46980,1360,376,1905,440,500938,199786,0,94932,109930,154097,175193,98150,18569,49444,849,43485,1213815,654184,1257300,None,2021-01-24
707474,5338,47721,556,378,1905,442,505315,201717,0,96400,110919,155135,176203,98901,18883,50175,858,43485,1213815,659753,1257300,None,2021-01-25
776987,72993,75765,29419,435,2335,484,552351,224152,0,102571,118531,165969,188829,105949,20754,73456,928,396885,1225455,701222,1622340,None,2021-01-26
905457,132456,123044,48166,494,2486,537,638416,266504,0,111596,129903,182078,207685,116488,24130,132559,1018,353955,1268385,782413,1622340,None,2021-01-27
1008253,104088,149779,26478,588,2486,584,707483,300186,0,118630,138835,194003,220848,124386,27705,182752,1094,353955,1268385,858474,1622340,None,2021-01-28
1097036,89219,179128,29362,703,2486,688,767990,328358,0,126167,147526,205982,233938,131995,31246,218953,1229,374905,1247435,917908,1622340,None,2021-01-29
1141081,43655,195481,16097,834,2486,709,798822,341550,0,131498,152860,213262,241671,136790,33474,230257,1269,374905,1247435,945600,1622340,None,2021-01-30
1156931,16267,198478,3115,863,2486,723,809757,346451,0,133597,154875,215572,243812,138392,34525,234866,1292,374905,1247435,958453,1622340,None,2021-01-31
1176904,8682,200537,1387,871,2979,2470,822233,352201,0,136726,157359,218633,246899,140381,35386,238504,3016,416905,1247435,976367,1664340,None,2021-02-01
1231716,57002,233129,33251,926,3062,2510,861089,368117,0,142036,163650,227739,257530,146444,38302,252938,3077,261805,1724285,998587,1986090,None,2021-02-02
1342435,114462,289190,57209,1007,3170,2576,937558,402301,0,150479,173968,242719,274516,157419,45347,294812,3175,205835,1780255,1053245,1986090,None,2021-02-03
1461578,121604,344432,55832,1096,3238,2711,1019250,439617,0,160460,184473,257408,290238,168583,53899,343179,3338,205835,1780255,1117146,1986090,None,2021-02-04
1566604,107059,395375,51411,1249,3238,2769,1091366,472469,0,171277,194632,270810,304355,178691,62022,381400,3417,205835,1780255,1171229,1986090,None,2021-02-05
1617764,51872,424730,29497,1372,3238,2910,1127423,487431,0,178153,200745,278940,312796,184471,65729,393359,3571,205835,1780255,1193034,1986090,None,2021-02-06
1641158,24564,440365,15637,1393,3238,3065,1143711,494382,0,181670,203836,282881,316814,187596,67552,397080,3729,205835,1780255,1200793,1986090,None,2021-02-07
1656708,16321,450496,10113,1405,3451,3129,1154621,498958,0,184761,205969,285394,319358,189421,68780,399214,3811,460830,1971810,1206212,2432640,None,2021-02-08
1688465,33079,462336,11729,1487,3487,3146,1175456,509863,0,187411,208538,288425,322200,192729,73050,412267,3845,460830,1971810,1226129,2432640,None,2021-02-09
1773715,89809,482146,20151,1549,3549,3115,1230259,540341,0,190741,212911,294012,327831,200992,85862,457543,3823,375090,2057550,1291569,2432640,None,2021-02-10
1884113,113017,523921,44668,1610,3630,3164,1299752,581197,0,195538,219257,302540,336945,214270,102695,508969,3899,98500,2334140,1360192,2432640,None,2021-02-11
1993739,111471,580607,58652,1683,3630,3245,1369401,621093,0,201447,227003,313021,348275,228638,118337,553004,4014,98500,2334140,1413132,2432640,None,2021-02-12
2071009,75584,624907,43549,1759,3630,3324,1422750,644935,0,208339,236588,325251,360608,238077,126535,571481,4130,98500,2334140,1446102,2432640,None,2021-02-13
2107089,35462,640650,15096,1773,3630,3365,1448106,655618,0,211832,241481,331398,366546,242240,130942,578460,4190,98500,2334140,1466439,2432640,None,2021-02-14
2122245,14681,645971,4844,1775,3820,3373,1458553,660319,0,213434,243253,333499,368420,244051,133719,581670,4199,710570,2338140,1476274,3048710,None,2021-02-15
2159146,36230,658235,11697,1848,3929,3404,1486068,669674,0,216506,249042,340993,375697,246121,136465,590092,4230,600370,2448340,1500911,3048710,None,2021-02-16
2230117,71568,691380,33692,1950,3980,3477,1535743,690897,0,221148,256346,350700,385301,250846,143103,618363,4310,544770,2503940,1538737,3048710,None,2021-02-17
2384794,153934,774060,84803,2131,3980,4338,1636625,743831,0,227131,265498,362603,396811,261884,161428,704264,5175,544770,2503940,1610734,3048710,None,2021-02-18
2556999,173908,865884,94147,2364,4125,4397,1748158,804444,0,232921,274627,374719,408440,274457,183386,803202,5247,401700,2896610,1691115,3298310,None,2021-02-19
2660776,103111,916935,50200,2572,4125,4519,1818496,837761,0,238780,283378,386629,420194,282420,195173,848825,5377,401700,2896610,1743841,3298310,None,2021-02-20
2697815,36012,925682,7697,2611,4125,4609,1845320,847886,0,241634,288086,393814,426851,285344,199522,857099,5465,401700,2896610,1772133,3298310,None,2021-02-21
2715159,16038,929965,3605,2614,4342,4692,1857450,853017,0,242680,290129,396774,429739,286712,201791,861783,5551,629000,3067110,1785194,3696110,None,2021-02-22
2759436,43313,934782,4117,2725,4342,4749,1889660,865027,0,245033,296739,406909,439463,290140,206380,869161,5611,629000,3067110,1824654,3696110,None,2021-02-23
2832659,71782,955779,20424,2895,4342,4825,1939632,888202,0,248486,303922,418033,450389,296186,216236,893715,5692,629000,3067110,1876880,3696110,None,2021-02-24
2990683,160814,1031518,76955,3103,4342,4861,2040970,944852,0,252951,311916,429613,461432,310724,244372,973926,5749,629000,3067110,1959165,3696110,None,2021-02-25
3163856,174845,1121050,90564,3263,4836,4921,2151210,1007725,893,257655,320033,441288,472362,326090,275148,1065455,4932,347810,3505500,2042806,3853310,None,2021-02-26
3269812,103597,1168058,45604,3456,4836,5042,2221323,1043447,900,261871,328501,453721,484269,335876,291625,1107993,5056,347810,3505500,2101754,3853310,None,2021-02-27
3316073,44700,1180304,11829,3491,4836,5156,2253159,1057758,900,264509,334233,462235,492343,340402,297919,1118359,5173,347810,3505500,2135769,3853310,None,2021-02-28
3336354,17980,1186747,5775,3495,4836,5186,2266587,1064581,902,265787,336386,465709,495363,342720,301162,1123121,5204,347810,3505500,2149607,3853310,None,2021-03-01
3383426,46173,1192900,5404,3588,4913,5198,2299162,1079066,903,268323,343059,476587,505349,347113,306670,1130208,5214,767660,3698700,2190526,4466360,None,2021-03-02
3465576,82318,1214741,21670,3725,4913,5270,2353753,1106553,906,271902,351299,488651,516638,355608,320937,1154347,5288,767660,3698700,2250835,4466360,None,2021-03-03
3619316,156798,1281179,67953,3872,4932,5387,2450514,1163415,910,275531,358950,500289,527350,372077,356382,1222421,5406,250950,4215410,2338137,4466360,None,2021-03-04
3791577,173921,1366648,85829,4038,5135,5478,2558654,1227445,927,279463,367147,511742,538217,391383,396791,1300410,5497,218150,4248210,2424929,4466360,None,2021-03-05
3900665,108700,1412016,44615,4192,5135,5499,2630019,1265147,936,284282,376094,524735,550405,404162,418172,1336358,5521,218150,4248210,2488649,4466360,None,2021-03-06
3951104,49689,1424715,12060,4233,5135,5545,2663469,1282090,938,287645,382410,533440,558249,410795,426135,1345926,5566,218150,4248210,2526389,4466360,None,2021-03-07
3969496,17962,1430422,5385,4243,5486,5560,2675191,1288745,933,288474,384057,536264,560507,413201,430136,1350346,5578,827745,4366685,2539074,5194430,None,2021-03-08
4024036,34593,1436634,3679,4328,5486,5642,2710659,1307735,942,291995,389642,543168,566160,419701,438886,1367923,5619,658390,4536040,2587402,5194430,None,2021-03-09
4086863,63896,1445170,8465,4464,5632,5661,2751347,1329855,947,296367,395351,550379,572541,428888,452698,1384069,5623,411030,4783400,2641693,5194430,None,2021-03-10
4229118,143262,1487467,42954,4514,5688,5683,2839363,1384072,961,301084,401580,558031,579192,449432,493450,1439756,5632,411030,4783400,2741651,5194430,None,2021-03-11
4391256,162734,1555400,68298,4623,5741,5698,2938695,1446863,975,306127,407718,565221,585688,471924,539477,1508484,5642,517330,4823500,2835856,5340830,None,2021-03-12
4487273,94976,1595520,39476,4718,5741,5713,2998714,1482846,983,310970,413419,572249,591713,486115,563800,1542371,5653,517330,4823500,2891753,5340830,None,2021-03-13
4517537,29973,1602745,6730,4738,5741,5719,3017427,1494391,981,313419,415298,574377,593641,491421,572488,1550257,5655,517330,4823500,2914792,5340830,None,2021-03-14
4530783,11870,1606154,3038,4740,5769,5719,3025573,1499491,977,313959,415929,575085,594351,493628,577101,1554098,5655,823350,4904750,2924629,5728100,None,2021-03-15
4557060,25791,1610293,3560,4803,5879,5731,3042115,1509214,990,316345,418355,577970,596746,498791,583139,1559060,5664,823350,4904750,2946767,5728100,None,2021-03-16
4605929,47796,1621287,10721,4891,5879,5753,3071982,1528194,994,319093,421217,581358,599679,507913,596589,1573416,5670,823350,4904750,2984642,5728100,None,2021-03-17
4738902,133917,1664524,43848,4973,5879,5783,3150511,1582608,1000,321885,424377,585390,603685,530890,641504,1624498,5673,203270,4904750,3074378,5728100,620080,2021-03-18
4893320,155089,1730349,66456,5034,5879,5839,3241365,1646116,1019,325124,427710,589842,608117,558038,691961,1685793,5716,203270,4904750,3162971,5728100,620080,2021-03-19
4983494,89260,1769770,38831,5084,6286,5964,3294667,1682863,1040,328660,431332,594337,612301,574887,718894,1716219,5824,5350,5403630,3213724,5792900,383920,2021-03-20
5014167,29755,1780169,10268,5092,6286,5998,3312322,1695847,1042,329716,432337,595548,613645,583273,728327,1724421,5858,5350,5403630,3233998,5792900,383920,2021-03-21
5026182,10656,1783720,3078,5099,6335,6138,3319272,1700772,1039,330223,432768,595944,614177,586706,732161,1727184,5980,115190,5403630,3242462,6510680,991860,2021-03-22
5077928,51913,1788446,3972,5136,6335,6209,3347390,1724329,1047,331422,434425,597817,615848,623330,737124,1730866,6049,115190,5403630,3289482,6510680,991860,2021-03-23
5193835,117891,1808008,19892,5189,6335,6234,3411779,1775822,1051,332624,436424,600617,619444,691084,757011,1749511,6069,115190,5403630,3385827,6510680,991860,2021-03-24
5381726,191968,1857517,50061,5243,6505,6263,3519746,1855717,1071,334676,439531,604906,625661,759727,808845,1801210,6099,46120,6387340,3524209,6510680,77220,2021-03-25
5594790,216229,1928782,71662,5297,6561,6358,3641130,1947302,1086,337402,444225,611308,633368,830345,868328,1862535,6193,120520,6387340,3666008,6585080,77220,2021-03-26
5755551,161964,1969905,40611,5347,6561,6454,3729754,2019343,1111,340560,449726,618417,641601,900852,901552,1895444,6288,120520,6387340,3785646,6585080,77220,2021-03-27
5845811,92040,1985436,15010,5347,6561,6499,3777831,2061481,1115,342103,452656,622020,646447,949603,917548,1907986,6333,120520,6387340,3860375,6585080,77220,2021-03-28
5882581,35720,1992611,6926,5362,6665,6568,3797448,2078565,1121,342876,453908,623625,649017,967269,925096,1913270,6399,262770,6483960,3889970,7092860,346130,2021-03-29
5963933,80110,2002394,9869,5405,6910,6633,3837848,2119452,1125,345895,459273,629760,654738,1013259,933273,1920151,6459,287060,6671660,3961539,7762460,803740,2021-03-30
6081824,117522,2019040,16077,5471,6910,6659,3898897,2176268,1138,349014,465439,637216,661763,1068714,954152,1937903,6485,287060,6671660,4062784,7762460,803740,2021-03-31
6270976,190722,2039663,20661,5471,7693,6713,4002293,2261970,1157,352325,471941,645299,672164,1148276,997625,1975654,6535,395420,7186140,4231313,8078060,496500,2021-04-01
6462769,204810,2058204,19435,5593,7693,6772,4105192,2350805,1180,355700,478527,654222,685692,1245177,1032234,2003450,6587,395420,7186140,4404565,8078060,496500,2021-04-02
6614819,152719,2070003,11275,5658,7693,6813,4185531,2422475,1201,358762,484230,662590,701046,1328237,1053334,2018798,6621,395420,7186140,4544816,8078060,496500,2021-04-03
6653435,36312,2072920,2755,5658,7693,6823,4206103,2440509,1206,359521,485652,665304,706431,1347527,1058761,2022405,6628,395420,7186140,4580515,8078060,496500,2021-04-04
6658909,3323,2073334,350,5658,7693,6826,4208995,2443088,1205,359641,485938,665913,707232,1349494,1059647,2023208,6631,395420,7186140,4585575,8078060,496500,2021-04-05
6665384,3862,2074033,526,5658,7769,6848,4211798,2446738,1207,360000,486599,666761,707932,1351322,1060707,2024201,6655,390260,7774610,4591351,8952050,787180,2021-04-06
6790945,125852,2082707,8118,5658,7769,6900,4276399,2507646,1215,363093,492519,675122,722517,1407415,1082363,2039993,6708,390260,7774610,4708238,8952050,787180,2021-04-07
6999652,219957,2090058,7342,5695,7769,6977,4388184,2604491,1234,367077,499715,686823,746485,1492065,1127107,2072367,6779,390260,7774610,4909594,8952050,787180,2021-04-08
7263426,258232,2096185,5822,5695,7769,7089,4527332,2729005,1256,372332,509743,702389,779546,1609409,1175344,2106526,6881,390260,7774610,5167241,8952050,787180,2021-04-09
7485164,220311,2101160,4701,5908,8701,7135,4642813,2835216,1273,377813,519631,717710,812704,1722836,1201842,2124432,6923,138410,8335070,5384004,8952050,478570,2021-04-10
7635264,154179,2105550,4169,5908,8701,7184,4720589,2907491,1278,381910,526010,728315,837754,1798079,1218812,2136134,6972,138410,8335070,5529714,8952050,478570,2021-04-11
7687617,44550,2106549,789,5908,8701,7198,4746545,2933874,1278,383897,528855,733186,849944,1819997,1223810,2139665,6985,138410,8335070,5581068,8952050,478570,2021-04-12
7784384,106142,2113615,7020,5929,8796,7232,4790814,2986338,1281,386678,534105,739252,865418,1870015,1233849,2146771,7015,462900,8791860,5670769,9914840,660080,2021-04-13
7970164,186631,2137304,23279,6051,8796,7284,4888043,3074837,1290,390810,541130,750095,895449,1952624,1262287,2169416,7063,462900,8791860,5832860,9914840,660080,2021-04-14
8223370,254313,2190295,53827,6051,8796,7408,5025710,3190252,1312,395058,548906,763331,934553,2045545,1314302,2213194,7169,462900,8791860,6033075,9914840,660080,2021-04-15
8484815,267836,2248126,59195,6132,9811,7502,5167735,3309578,1342,399862,557583,777034,978252,2139250,1366706,2257528,7258,425200,9009610,6236689,10032440,597630,2021-04-16
8702677,201191,2277069,28296,6132,9811,7729,5287778,3407170,1356,404599,566358,792698,1028376,2227217,1393865,2280745,7463,425200,9009610,6425608,10032440,597630,2021-04-17
8845735,140664,2288959,11952,6132,9811,7800,5362232,3475703,1361,407276,571107,802041,1068904,2285530,1409719,2292276,7521,425200,9009610,6556776,10032440,597630,2021-04-18
8893076,39728,2293779,4029,6292,9811,7824,5386653,3498599,1360,408347,572789,805491,1084930,2302117,1414254,2296250,7538,228720,9524990,6599297,10296440,542730,2021-04-19
9006539,109388,2307284,13121,6292,9811,7862,5443853,3554824,1366,411156,577647,812725,1120705,2344600,1425376,2305397,7567,228720,9524990,6699255,10296440,542730,2021-04-20
9210419,202815,2341716,34285,6452,10132,7953,5550301,3652165,1398,415445,585657,824629,1178322,2414492,1453876,2328957,7643,451910,10462900,6868703,11387600,472790,2021-04-21
9495317,282667,2415993,74429,6452,10132,8189,5703459,3783669,1437,421175,595790,842248,1249357,2498620,1505655,2373179,7856,451910,10462900,7079324,11387600,472790,2021-04-22
9806966,306006,2495838,79338,6539,10661,8323,5869927,3928716,1485,428054,608189,868355,1327434,2587896,1558340,2419250,7963,16910,10943770,7311128,11387600,426920,2021-04-23
10069710,259995,2543112,46788,6539,10661,8517,6007345,4053848,1532,435699,622618,903742,1404356,2663728,1586228,2443676,8131,16910,10943770,7526598,11387600,426920,2021-04-24
10343967,206015,2578244,24492,6761,10786,8668,6150388,4184911,1574,443412,637706,955699,1492868,2733417,1609347,2461711,8233,15660,11022740,7765723,11387600,349200,2021-04-25
10343967,55929,2578244,9276,6761,10786,8668,6150388,4184911,1574,443412,637706,955699,1492868,2733417,1609347,2461711,8233,15660,11022740,7765723,11387600,349200,2021-04-26
10487131,139501,2608787,30794,6774,10993,8764,6227235,4251132,1586,447728,647219,988950,1532915,2768597,1620541,2471288,8307,334330,11404640,7878344,12901190,1162220,2021-04-27
10740169,253770,2746824,58725,6774,10993,8864,6363720,4367585,1631,454197,660594,1046772,1591778,2833150,1648710,2494969,8368,334330,11404640,8072900,12901190,1162220,2021-04-28
11081369,344959,2852329,99324,6774,10993,9068,6548475,4523826,1718,462690,679333,1121458,1656560,2914068,1700356,2536668,8518,334330,11404640,8316698,12901190,1162220,2021-04-29
11470800,387730,2872925,108899,6996,11313,9223,6755968,4705609,1794,475177,711103,1210497,1728784,3002674,1750757,2581397,8617,20850,12628420,8597875,12901190,251920,2021-04-30
11751224,357608,2942058,74905,6996,11313,9392,6883718,4858114,1884,483504,745685,1293410,1790452,3068615,1777401,2581530,8743,20850,12628420,8809166,12901190,251920,2021-05-01
11877060,121876,2959722,15598,6996,11313,9547,6947062,4920451,1917,488073,768202,1333264,1814671,3089325,1785442,2587310,8856,20850,12628420,8917338,12901190,251920,2021-05-02
11944959,59339,2971205,10164,6996,11313,9646,6980901,4954412,1924,490664,782305,1357364,1824959,3098581,1789509,2590739,8914,20850,12628420,8973754,12901190,251920,2021-05-03
11995786,47107,2977374,5526,6996,11313,9697,7005204,4980885,1931,493148,798242,1373339,1831778,3104086,1791806,2592523,8933,20850,12628420,9018412,12901190,251920,2021-05-04
12225861,234269,3184152,63145,6996,11313,9919,7126802,5089140,1974,503627,842415,1433036,1874486,3145308,1809767,2606188,9060,20850,12628420,9186041,12901190,251920,2021-05-05
12614827,398327,3160055,122524,6996,11313,10121,7333326,5271380,2045,523163,912014,1517197,1940212,3221059,1850891,2639067,9179,20850,12628420,9454765,12901190,251920,2021-05-06
13034348,423581,3298739,141734,7358,12710,10431,7555291,5468626,2122,548618,988844,1603143,2007951,3308299,1893465,2672560,9346,270250,14478060,9735602,15632600,884290,2021-05-07
13409463,378695,3421544,124572,7607,12710,9037,7752946,5647480,2122,582921,1068622,1686097,2068438,3382877,1918204,2691152,9030,270250,14478060,9987919,15632600,884290,2021-05-08
13670541,258040,3485148,63498,7669,12710,9107,7887939,5773495,2172,618151,1133708,1749906,2109310,3419787,1929500,2698900,9107,270250,14478060,10185393,15632600,884290,2021-05-09
13764238,82366,3503297,14894,7676,12710,9128,7936800,5818310,2195,634946,1158809,1774256,2120900,3428327,1933668,2702009,9128,270250,14478060,10260941,15632600,884290,2021-05-10
13957627,187581,3556640,52430,7789,13319,9274,8039989,5908364,2252,671095,1203951,1817267,2152888,3451924,1941127,2707850,9273,87080,15479200,10400987,16841210,1274930,2021-05-11
14274291,320332,3664336,109680,7913,13495,9444,8209187,6055660,2342,716251,1262380,1885821,2200718,3503517,1966734,2727084,9444,103350,16497170,10609955,17158810,558290,2021-05-12
14705512,433496,3841087,180821,8045,13495,9629,8440620,6255263,2473,768259,1329872,1967605,2262609,3587810,2014989,2762265,9630,103350,16497170,10864425,17158810,558290,2021-05-13
15144771,440688,4032703,193462,8209,13495,10034,8674827,6459910,2591,824072,1397130,2044796,2326992,3678062,2063724,2797371,10033,103350,16497170,11112068,17158810,558290,2021-05-14
15509013,372855,4179657,152231,8330,13495,10215,8866425,6632373,2691,879354,1463886,2116201,2382365,3747606,2090366,2816330,10214,103350,16497170,11329356,17158810,558290,2021-05-15
15776030,276962,4285916,110500,8395,13495,10369,9005923,6759738,2776,924558,1516540,2170142,2422544,3796901,2105248,2826955,10366,103350,16497170,11490114,17158810,558290,2021-05-16
15879467,90085,4322645,29626,8419,13495,10564,9059477,6809426,2800,945537,1538883,2191073,2436064,3813286,2110398,2830860,10566,103350,16497170,11556822,17158810,558290,2021-05-17
16043547,148701,4378941,50200,8534,14472,10965,9144327,6888255,4378,980640,1572306,2223191,2460480,3840800,2115867,2834918,10967,42770,17008560,11664606,18618220,1566890,2021-05-18
16372436,330209,4503657,125779,8662,14472,11265,9317853,7043318,9115,1031199,1624395,2280779,2514993,3908966,2140176,2851548,11265,42770,17008560,11868779,18618220,1566890,2021-05-19
16812136,444800,4686483,185821,8812,14472,11434,9551165,7249537,15748,1086633,1686253,2355004,2590493,4007895,2179497,2879177,11436,42770,17008560,12125653,18618220,1566890,2021-05-20
17254902,444129,4885664,201194,8964,16055,11877,9784147,7458878,22732,1142254,1746614,2425779,2667630,4112258,2219213,2906543,11879,3300,18814060,12369238,18920620,103260,2021-05-21
17620338,355629,5042392,155146,9101,16055,12418,9972301,7635619,29310,1193193,1802036,2489384,2733267,4197296,2241237,2922198,12417,3300,18814060,12577946,18920620,103260,2021-05-22
17866586,240666,5156184,111027,9155,16055,12735,10098086,7755765,33117,1229548,1841356,2532786,2778177,4252961,2254598,2931305,12738,3300,18814060,12710402,18920620,103260,2021-05-23
17941112,67911,5192300,35587,9171,16055,12901,10135841,7792370,34027,1242400,1853954,2546495,2792453,4267509,2257629,2933741,12904,3300,18814060,12748812,18920620,103260,2021-05-24
18085811,134970,5271081,76854,9288,16055,13149,10207742,7864920,35000,1264139,1877194,2572127,2822673,4303503,2261237,2936789,13149,3300,18814060,12814730,18920620,103260,2021-05-25
18389807,305258,5429715,158441,9320,17357,13428,10366634,8009745,39241,1299231,1918198,2622155,2890333,4376972,2280321,2949926,13430,5530,19831060,12960092,20382130,545540,2021-05-26
18785240,395833,5640018,211908,9505,17357,13811,10575404,8196025,45206,1340909,1966463,2684830,2983243,4469638,2309933,2971207,13811,5530,19831060,13145222,20382130,545540,2021-05-27
19175171,385733,5872206,232058,9627,17357,14222,10780287,8380662,50885,1379128,2011518,2746892,3077133,4563415,2339539,2992439,14222,5530,19831060,13302965,20382130,545540,2021-05-28
19525032,348177,6073593,202127,9735,17357,14594,10958412,8552026,53954,1420812,2060484,2812898,3159752,4641886,2355865,3004791,14590,5530,19831060,13451439,20382130,545540,2021-05-29
19807955,277766,6227720,151598,9769,17357,15028,11099513,8693414,56267,1460308,2103805,2868559,3226818,4697683,2366798,3012688,15029,5530,19831060,13580235,20382130,545540,2021-05-30
19909052,91734,6275225,44141,9786,17357,15212,11149364,8744476,56966,1479340,2122225,2890935,3247539,4712095,2369642,3015097,15213,5530,19831060,13633827,20382130,545540,2021-05-31
20084619,167319,6377269,98448,9879,19047,15553,11235991,8833075,57707,1508486,2151712,2932077,3280717,4746617,2373327,3018422,15554,347970,22523590,13707350,23613160,741600,2021-06-01
20536042,462699,6639244,269352,9942,19047,15901,11468847,9051294,68180,1565723,2213615,3031097,3371652,4839668,2395439,3034766,15902,347970,22523590,13896798,23613160,741600,2021-06-02
21174546,646415,7029385,399186,10054,19327,16792,11801545,9356209,82327,1641968,2304317,3175512,3496899,4967520,2429567,3059645,16791,415820,23327950,14145161,24478260,734490,2021-06-03
21326996,139283,7102122,63995,10078,19327,17116,11878742,9431138,87534,1670493,2332563,3212632,3521154,4987867,2434239,3063397,17117,415820,23327950,14224874,24478260,734490,2021-06-04
21753938,423069,7353859,253748,100149,19327,17933,12096319,9639686,97089,1728207,2397683,3311472,3603920,5069877,2451170,3076586,17934,415820,23327950,14400079,24478260,734490,2021-06-05
22025871,268421,7474251,119638,10180,19327,18597,12234384,9772890,104957,1775668,2449745,3378645,3648821,5107779,2458849,3082809,18598,415820,23327950,14551620,24478260,734490,2021-06-06
22134362,96801,7520572,40927,10204,19327,18827,12288910,9826625,108271,1798200,2474030,3406667,3663513,5118599,2461328,3084926,18828,415820,23327950,14613790,24478260,734490,2021-06-07
22340624,199299,7650407,126161,10300,21182,19155,12390959,9930510,120131,1829023,2510716,3449420,3689231,5170459,2464673,3087815,19156,401150,24128360,14690217,26886540,2357030,2021-06-08
22737088,394448,7891305,240072,10420,21182,20121,12590359,10126608,151195,1878831,2580041,3532057,3744804,5260441,2474069,3095540,20110,401150,24128360,14845783,26886540,2357030,2021-06-09
23240142,495970,8191760,298536,10536,21182,20834,12846144,10373164,186945,1941498,2673322,3643259,3823434,5352755,2489378,3108717,20834,401150,24128360,15048382,26886540,2357030,2021-06-10
23628450,474217,8459703,293657,10653,21182,21319,13038730,10568401,215621,1989944,2752403,3733332,3884360,5426013,2498246,3107211,21320,401150,24128360,15168747,26886540,2357030,2021-06-11
24045826,414658,8721692,261411,10755,21182,22323,13247713,10775790,241634,2050449,2840973,3824103,3940217,5504651,2506709,3114766,22324,401150,24128360,15324134,26886540,2357030,2021-06-12
24360781,311768,8903570,179576,10785,21182,23034,13403535,10934212,264849,2104721,2911740,3890667,3977673,5557684,2511382,3119030,23035,401150,24128360,15457211,26886540,2357030,2021-06-13
24470301,100278,8967231,58196,10803,21182,23418,13457659,10989224,272721,2126836,2939022,3914712,3988378,5571075,2513416,3120722,23419,401150,24128360,15503070,26886540,2357030,2021-06-14
24687629,209869,9137734,166407,10941,25038,24428,13561500,11101701,280865,2164492,2985424,3953502,4010657,5628743,2516083,3123434,24429,596060,27044560,15549895,29662020,2021400,2021-06-15
25058534,366054,9397868,259656,11020,25038,27571,13745598,11285365,299568,2225559,3059147,4029058,4057104,5706677,2523630,3130223,27568,596060,27044560,15660666,29662020,2021400,2021-06-16
25482985,423511,9672080,275962,11121,25038,29649,13960580,11492756,322842,2297825,3144456,4119105,4114315,5780141,2534770,3139885,29646,596060,27044560,15810905,29662020,2021400,2021-06-17
25884468,391623,9943828,266892,11223,25038,30481,14163700,11690287,342908,2367479,3221648,4199093,4168687,5860295,2544994,3148885,30479,596060,27044560,15940640,29662020,2021400,2021-06-18
26206854,312070,10161075,211643,11381,25038,31294,14323519,11852041,359681,2430955,3290461,4263331,4208497,5916863,2551125,3154649,31292,596060,27044560,16045779,29662020,2021400,2021-06-19
26422469,209353,10294609,129965,11424,25038,31924,14431537,11959008,372588,2481163,3340849,4307137,4232526,5943640,2554576,3158069,31921,596060,27044560,16127860,29662020,2021400,2021-06-20
