date,location,new_cases,new_deaths,new_deaths_c,new_deaths_nc
2020-11-24,Dolnośląskie,1035,51,1.0,50.0
2020-11-25,Dolnośląskie,825,37,21.0,16.0
2020-11-26,Dolnośląskie,1112,51,8.0,43.0
2020-11-27,Dolnośląskie,1318,65,12.0,53.0
2020-11-28,Dolnośląskie,1481,30,1.0,29.0
2020-11-29,Dolnośląskie,781,11,0.0,11.0
2020-11-30,Dolnośląskie,445,5,2.0,3.0
2020-12-01,Dolnośląskie,717,57,8.0,49.0
2020-12-02,Dolnośląskie,844,54,8.0,46.0
2020-12-03,Dolnośląskie,844,41,4.0,37.0
2020-12-04,Dolnośląskie,828,42,6.0,36.0
2020-12-05,Dolnośląskie,920,22,4.0,18.0
2020-12-06,Dolnośląskie,476,8,1.0,7.0
2020-12-07,Dolnośląskie,287,2,1.0,1.0
2020-12-08,Dolnośląskie,566,37,7.0,30.0
2020-12-09,Dolnośląskie,813,50,15.0,35.0
2020-12-10,Dolnośląskie,985,24,7.0,17.0
2020-12-11,Dolnośląskie,797,49,3.0,46.0
2020-12-12,Dolnośląskie,698,34,6.0,28.0
2020-12-13,Dolnośląskie,498,1,1.0,0.0
2020-12-14,Dolnośląskie,258,0,0.0,0.0
2020-12-15,Dolnośląskie,519,30,4.0,26.0
2020-12-16,Dolnośląskie,629,40,7.0,33.0
2020-12-17,Dolnośląskie,681,27,3.0,24.0
2020-12-18,Dolnośląskie,691,32,15.0,17.0
2020-12-19,Dolnośląskie,593,24,6.0,18.0
2020-12-20,Dolnośląskie,486,8,0.0,8.0
2020-12-21,Dolnośląskie,206,5,4.0,1.0
2020-12-22,Dolnośląskie,409,20,6.0,14.0
2020-12-23,Dolnośląskie,588,36,3.0,33.0
2020-12-24,Dolnośląskie,742,26,14.0,12.0
2020-12-25,Dolnośląskie,474,10,7.0,3.0
2020-12-26,Dolnośląskie,219,0,0.0,0.0
2020-12-27,Dolnośląskie,153,0,0.0,0.0
2020-12-28,Dolnośląskie,109,0,0.0,0.0
2020-12-29,Dolnośląskie,405,29,6.0,23.0
2020-12-30,Dolnośląskie,674,32,11.0,21.0
2020-12-31,Dolnośląskie,804,23,5.0,18.0
2021-01-01,Dolnośląskie,647,36,19.0,17.0
2021-01-02,Dolnośląskie,344,10,1.0,9.0
2021-01-03,Dolnośląskie,246,0,0.0,0.0
2021-01-04,Dolnośląskie,115,0,0.0,0.0
2021-01-05,Dolnośląskie,481,25,13.0,12.0
2021-01-06,Dolnośląskie,599,44,16.0,28.0
2021-01-07,Dolnośląskie,627,4,2.0,2.0
2021-01-08,Dolnośląskie,461,13,6.0,7.0
2021-01-09,Dolnośląskie,514,22,14.0,8.0
2021-01-10,Dolnośląskie,459,4,1.0,3.0
2021-01-11,Dolnośląskie,227,0,0.0,0.0
2021-01-12,Dolnośląskie,339,33,22.0,11.0
2021-01-13,Dolnośląskie,452,26,9.0,17.0
2021-01-14,Dolnośląskie,463,16,7.0,9.0
2021-01-15,Dolnośląskie,477,19,9.0,10.0
2021-01-16,Dolnośląskie,378,9,3.0,6.0
2021-01-18,Dolnośląskie,156,0,0.0,0.0
2020-11-24,Kujawsko-Pomorskie,521,17,0.0,17.0
2020-11-25,Kujawsko-Pomorskie,1321,35,13.0,22.0
2020-11-26,Kujawsko-Pomorskie,1207,24,1.0,23.0
2020-11-27,Kujawsko-Pomorskie,1368,30,0.0,30.0
2020-11-28,Kujawsko-Pomorskie,1004,29,3.0,26.0
2020-11-29,Kujawsko-Pomorskie,623,14,1.0,13.0
2020-11-30,Kujawsko-Pomorskie,297,4,0.0,4.0
2020-12-01,Kujawsko-Pomorskie,1214,40,6.0,34.0
2020-12-02,Kujawsko-Pomorskie,1240,32,2.0,30.0
2020-12-03,Kujawsko-Pomorskie,1354,27,2.0,25.0
2020-12-04,Kujawsko-Pomorskie,1081,12,6.0,6.0
2020-12-05,Kujawsko-Pomorskie,1091,14,10.0,4.0
2020-12-06,Kujawsko-Pomorskie,718,11,3.0,8.0
2020-12-07,Kujawsko-Pomorskie,351,6,1.0,5.0
2020-12-08,Kujawsko-Pomorskie,690,19,7.0,12.0
2020-12-09,Kujawsko-Pomorskie,1101,28,4.0,24.0
2020-12-10,Kujawsko-Pomorskie,1404,35,3.0,32.0
2020-12-11,Kujawsko-Pomorskie,1002,52,16.0,36.0
2020-12-12,Kujawsko-Pomorskie,1083,47,11.0,36.0
2020-12-13,Kujawsko-Pomorskie,756,18,4.0,14.0
2020-12-14,Kujawsko-Pomorskie,531,9,1.0,8.0
2020-12-15,Kujawsko-Pomorskie,750,28,7.0,21.0
2020-12-16,Kujawsko-Pomorskie,1181,45,7.0,38.0
2020-12-17,Kujawsko-Pomorskie,1138,45,8.0,37.0
2020-12-18,Kujawsko-Pomorskie,1050,27,5.0,22.0
2020-12-19,Kujawsko-Pomorskie,1114,32,6.0,26.0
2020-12-20,Kujawsko-Pomorskie,788,13,1.0,12.0
2020-12-21,Kujawsko-Pomorskie,480,4,0.0,4.0
2020-12-22,Kujawsko-Pomorskie,768,32,5.0,27.0
2020-12-23,Kujawsko-Pomorskie,1204,57,3.0,54.0
2020-12-24,Kujawsko-Pomorskie,1311,39,9.0,30.0
2020-12-25,Kujawsko-Pomorskie,767,27,12.0,15.0
2020-12-26,Kujawsko-Pomorskie,472,11,0.0,11.0
2020-12-27,Kujawsko-Pomorskie,326,6,0.0,6.0
2020-12-28,Kujawsko-Pomorskie,302,6,0.0,6.0
2020-12-29,Kujawsko-Pomorskie,720,27,4.0,23.0
2020-12-30,Kujawsko-Pomorskie,1106,47,12.0,35.0
2020-12-31,Kujawsko-Pomorskie,1517,47,9.0,38.0
2021-01-01,Kujawsko-Pomorskie,967,27,2.0,25.0
2021-01-02,Kujawsko-Pomorskie,471,17,2.0,15.0
2021-01-03,Kujawsko-Pomorskie,673,9,0.0,9.0
2021-01-04,Kujawsko-Pomorskie,484,2,0.0,2.0
2021-01-05,Kujawsko-Pomorskie,913,28,2.0,26.0
2021-01-06,Kujawsko-Pomorskie,1300,42,5.0,37.0
2021-01-07,Kujawsko-Pomorskie,1078,18,4.0,14.0
2021-01-08,Kujawsko-Pomorskie,1034,39,5.0,34.0
2021-01-09,Kujawsko-Pomorskie,886,59,5.0,54.0
2021-01-10,Kujawsko-Pomorskie,923,17,5.0,12.0
2021-01-11,Kujawsko-Pomorskie,388,6,2.0,4.0
2021-01-12,Kujawsko-Pomorskie,526,25,0.0,25.0
2021-01-13,Kujawsko-Pomorskie,910,44,5.0,39.0
2021-01-14,Kujawsko-Pomorskie,993,44,9.0,35.0
2021-01-15,Kujawsko-Pomorskie,712,24,2.0,22.0
2021-01-16,Kujawsko-Pomorskie,653,33,4.0,29.0
2021-01-18,Kujawsko-Pomorskie,201,3,0.0,3.0
2020-11-24,Lubelskie,670,8,2.0,6.0
2020-11-25,Lubelskie,932,52,3.0,49.0
2020-11-26,Lubelskie,1027,30,5.0,25.0
2020-11-27,Lubelskie,802,37,11.0,26.0
2020-11-28,Lubelskie,937,37,13.0,24.0
2020-11-29,Lubelskie,616,25,4.0,21.0
2020-11-30,Lubelskie,285,13,1.0,12.0
2020-12-01,Lubelskie,547,36,7.0,29.0
2020-12-02,Lubelskie,759,49,7.0,42.0
2020-12-03,Lubelskie,793,44,6.0,38.0
2020-12-04,Lubelskie,713,34,9.0,25.0
2020-12-05,Lubelskie,728,48,14.0,34.0
2020-12-06,Lubelskie,353,15,3.0,12.0
2020-12-07,Lubelskie,177,7,3.0,4.0
2020-12-08,Lubelskie,416,17,5.0,12.0
2020-12-09,Lubelskie,728,37,10.0,27.0
2020-12-10,Lubelskie,618,33,12.0,21.0
2020-12-11,Lubelskie,639,15,5.0,10.0
2020-12-12,Lubelskie,745,23,5.0,18.0
2020-12-13,Lubelskie,378,14,1.0,13.0
2020-12-14,Lubelskie,179,11,0.0,11.0
2020-12-15,Lubelskie,437,14,2.0,12.0
2020-12-16,Lubelskie,641,37,6.0,31.0
2020-12-17,Lubelskie,699,22,10.0,12.0
2020-12-18,Lubelskie,534,21,3.0,18.0
2020-12-19,Lubelskie,650,29,5.0,24.0
2020-12-20,Lubelskie,299,20,5.0,15.0
2020-12-21,Lubelskie,245,0,0.0,0.0
2020-12-22,Lubelskie,524,27,9.0,18.0
2020-12-23,Lubelskie,569,25,6.0,19.0
2020-12-24,Lubelskie,598,33,5.0,28.0
2020-12-25,Lubelskie,357,29,4.0,25.0
2020-12-26,Lubelskie,268,8,1.0,7.0
2020-12-27,Lubelskie,103,7,1.0,6.0
2020-12-28,Lubelskie,126,3,0.0,3.0
2020-12-29,Lubelskie,490,30,7.0,23.0
2020-12-30,Lubelskie,609,37,14.0,23.0
2020-12-31,Lubelskie,564,30,4.0,26.0
2021-01-01,Lubelskie,388,21,13.0,8.0
2021-01-02,Lubelskie,280,4,1.0,3.0
2021-01-03,Lubelskie,207,2,2.0,0.0
2021-01-04,Lubelskie,142,1,0.0,1.0
2021-01-05,Lubelskie,447,42,16.0,26.0
2021-01-06,Lubelskie,658,28,12.0,16.0
2021-01-07,Lubelskie,331,4,2.0,2.0
2021-01-08,Lubelskie,403,30,7.0,23.0
2021-01-09,Lubelskie,512,32,10.0,22.0
2021-01-10,Lubelskie,381,16,7.0,9.0
2021-01-11,Lubelskie,138,5,2.0,3.0
2021-01-12,Lubelskie,344,24,4.0,20.0
2021-01-13,Lubelskie,493,21,6.0,15.0
2021-01-14,Lubelskie,403,38,10.0,28.0
2021-01-15,Lubelskie,355,25,8.0,17.0
2021-01-16,Lubelskie,358,27,3.0,24.0
2021-01-18,Lubelskie,86,9,6.0,3.0
2020-11-24,Lubuskie,267,14,5.0,9.0
2020-11-25,Lubuskie,504,8,2.0,6.0
2020-11-26,Lubuskie,508,7,3.0,4.0
2020-11-27,Lubuskie,494,27,6.0,21.0
2020-11-28,Lubuskie,398,20,5.0,15.0
2020-11-29,Lubuskie,373,6,3.0,3.0
2020-11-30,Lubuskie,259,0,0.0,0.0
2020-12-01,Lubuskie,187,4,2.0,2.0
2020-12-02,Lubuskie,387,8,1.0,7.0
2020-12-03,Lubuskie,358,12,4.0,8.0
2020-12-04,Lubuskie,482,15,1.0,14.0
2020-12-05,Lubuskie,339,16,4.0,12.0
2020-12-06,Lubuskie,325,0,0.0,0.0
2020-12-07,Lubuskie,163,0,0.0,0.0
2020-12-08,Lubuskie,174,15,2.0,13.0
2020-12-09,Lubuskie,349,16,6.0,10.0
2020-12-10,Lubuskie,467,17,12.0,5.0
2020-12-11,Lubuskie,447,18,11.0,7.0
2020-12-12,Lubuskie,373,12,6.0,6.0
2020-12-13,Lubuskie,300,0,0.0,0.0
2020-12-14,Lubuskie,207,7,4.0,3.0
2020-12-15,Lubuskie,150,17,9.0,8.0
2020-12-16,Lubuskie,323,29,22.0,7.0
2020-12-17,Lubuskie,320,21,18.0,3.0
2020-12-18,Lubuskie,427,27,20.0,7.0
2020-12-19,Lubuskie,407,19,11.0,8.0
2020-12-20,Lubuskie,320,1,1.0,0.0
2020-12-21,Lubuskie,168,0,0.0,0.0
2020-12-22,Lubuskie,141,5,2.0,3.0
2020-12-23,Lubuskie,365,3,3.0,0.0
2020-12-24,Lubuskie,402,9,5.0,4.0
2020-12-25,Lubuskie,351,1,1.0,0.0
2020-12-26,Lubuskie,111,0,0.0,0.0
2020-12-27,Lubuskie,65,0,0.0,0.0
2020-12-28,Lubuskie,49,0,0.0,0.0
2020-12-29,Lubuskie,208,1,1.0,0.0
2020-12-30,Lubuskie,349,11,11.0,
2020-12-31,Lubuskie,493,15,12.0,3.0
2021-01-01,Lubuskie,343,17,15.0,2.0
2021-01-02,Lubuskie,113,3,3.0,0.0
2021-01-03,Lubuskie,169,0,0.0,0.0
2021-01-04,Lubuskie,96,1,0.0,1.0
2021-01-05,Lubuskie,93,13,13.0,0.0
2021-01-06,Lubuskie,368,11,6.0,5.0
2021-01-07,Lubuskie,379,4,2.0,2.0
2021-01-08,Lubuskie,233,11,6.0,5.0
2021-01-09,Lubuskie,293,7,4.0,3.0
2021-01-10,Lubuskie,261,6,3.0,3.0
2021-01-11,Lubuskie,190,5,2.0,3.0
2021-01-12,Lubuskie,89,5,4.0,1.0
2021-01-13,Lubuskie,243,13,9.0,4.0
2021-01-14,Lubuskie,288,8,5.0,3.0
2021-01-15,Lubuskie,218,26,9.0,17.0
2021-01-16,Lubuskie,178,24,16.0,8.0
2021-01-18,Lubuskie,99,0,0.0,0.0
2020-11-24,Mazowieckie,1166,51,1.0,50.0
2020-11-25,Mazowieckie,1577,94,11.0,83.0
2020-11-26,Mazowieckie,1785,74,4.0,70.0
2020-11-27,Mazowieckie,2057,81,7.0,74.0
2020-11-28,Mazowieckie,1986,60,6.0,54.0
2020-11-29,Mazowieckie,1413,57,5.0,52.0
2020-11-30,Mazowieckie,659,15,0.0,15.0
2020-12-01,Mazowieckie,765,16,1.0,15.0
2020-12-02,Mazowieckie,1626,71,1.0,70.0
2020-12-03,Mazowieckie,1780,75,6.0,69.0
2020-12-04,Mazowieckie,1643,85,9.0,76.0
2020-12-05,Mazowieckie,1574,45,5.0,40.0
2020-12-06,Mazowieckie,1170,23,2.0,21.0
2020-12-07,Mazowieckie,609,18,1.0,17.0
2020-12-08,Mazowieckie,960,38,18.0,20.0
2020-12-09,Mazowieckie,1496,41,5.0,36.0
2020-12-10,Mazowieckie,1701,48,18.0,30.0
2020-12-11,Mazowieckie,1722,58,11.0,47.0
2020-12-12,Mazowieckie,1522,75,27.0,48.0
2020-12-13,Mazowieckie,1280,24,14.0,10.0
2020-12-14,Mazowieckie,715,12,4.0,8.0
2020-12-15,Mazowieckie,768,23,3.0,20.0
2020-12-16,Mazowieckie,1461,66,18.0,48.0
2020-12-17,Mazowieckie,1318,61,13.0,48.0
2020-12-18,Mazowieckie,1422,46,12.0,34.0
2020-12-19,Mazowieckie,1383,47,10.0,37.0
2020-12-20,Mazowieckie,1105,17,5.0,12.0
2020-12-21,Mazowieckie,630,10,1.0,9.0
2020-12-22,Mazowieckie,884,29,11.0,18.0
2020-12-23,Mazowieckie,1509,48,9.0,39.0
2020-12-24,Mazowieckie,1824,53,11.0,42.0
2020-12-25,Mazowieckie,1166,22,0.0,22.0
2020-12-26,Mazowieckie,741,19,0.0,19.0
2020-12-27,Mazowieckie,532,8,0.0,8.0
2020-12-28,Mazowieckie,409,5,0.0,5.0
2020-12-29,Mazowieckie,957,25,6.0,19.0
2020-12-30,Mazowieckie,1600,80,9.0,71.0
2020-12-31,Mazowieckie,1739,68,20.0,48.0
2021-01-01,Mazowieckie,1453,52,12.0,40.0
2021-01-02,Mazowieckie,1046,15,4.0,11.0
2021-01-03,Mazowieckie,903,2,0.0,2.0
2021-01-04,Mazowieckie,746,1,0.0,1.0
2021-01-05,Mazowieckie,824,27,5.0,22.0
2021-01-06,Mazowieckie,1686,39,7.0,32.0
2021-01-07,Mazowieckie,1469,24,10.0,14.0
2021-01-08,Mazowieckie,1216,29,7.0,22.0
2021-01-09,Mazowieckie,1333,44,14.0,30.0
2021-01-10,Mazowieckie,1305,40,7.0,33.0
2021-01-11,Mazowieckie,627,9,0.0,9.0
2021-01-12,Mazowieckie,695,26,8.0,18.0
2021-01-13,Mazowieckie,1069,50,15.0,35.0
2021-01-14,Mazowieckie,1231,41,9.0,32.0
2021-01-15,Mazowieckie,946,56,21.0,35.0
2021-01-16,Mazowieckie,1040,43,7.0,36.0
2021-01-18,Mazowieckie,475,11,0.0,11.0
2020-11-24,Małopolskie,486,64,19.0,45.0
2020-11-25,Małopolskie,933,86,28.0,58.0
2020-11-26,Małopolskie,914,40,14.0,26.0
2020-11-27,Małopolskie,868,43,27.0,16.0
2020-11-28,Małopolskie,661,42,15.0,27.0
2020-11-29,Małopolskie,440,9,7.0,2.0
2020-11-30,Małopolskie,280,2,0.0,2.0
2020-12-01,Małopolskie,486,67,16.0,51.0
2020-12-02,Małopolskie,823,42,15.0,27.0
2020-12-03,Małopolskie,646,50,27.0,23.0
2020-12-04,Małopolskie,599,41,17.0,24.0
2020-12-05,Małopolskie,548,35,16.0,19.0
2020-12-06,Małopolskie,380,12,10.0,2.0
2020-12-07,Małopolskie,214,0,0.0,0.0
2020-12-08,Małopolskie,1072,50,18.0,32.0
2020-12-09,Małopolskie,564,40,16.0,24.0
2020-12-10,Małopolskie,488,27,11.0,16.0
2020-12-11,Małopolskie,472,27,14.0,13.0
2020-12-12,Małopolskie,404,22,7.0,15.0
2020-12-13,Małopolskie,310,19,2.0,17.0
2020-12-14,Małopolskie,143,0,0.0,0.0
2020-12-15,Małopolskie,232,27,7.0,20.0
2020-12-16,Małopolskie,538,25,18.0,7.0
2020-12-17,Małopolskie,351,32,9.0,23.0
2020-12-18,Małopolskie,399,21,10.0,11.0
2020-12-19,Małopolskie,391,22,13.0,9.0
2020-12-20,Małopolskie,310,1,0.0,1.0
2020-12-21,Małopolskie,207,3,3.0,0.0
2020-12-22,Małopolskie,196,25,13.0,12.0
2020-12-23,Małopolskie,528,18,11.0,7.0
2020-12-24,Małopolskie,409,29,15.0,14.0
2020-12-25,Małopolskie,210,8,4.0,4.0
2020-12-26,Małopolskie,169,1,0.0,1.0
2020-12-27,Małopolskie,115,2,1.0,1.0
2020-12-28,Małopolskie,190,1,0.0,1.0
2020-12-29,Małopolskie,251,19,13.0,6.0
2020-12-30,Małopolskie,541,30,14.0,16.0
2020-12-31,Małopolskie,387,18,6.0,12.0
2021-01-01,Małopolskie,388,22,17.0,5.0
2021-01-02,Małopolskie,281,0,0.0,0.0
2021-01-03,Małopolskie,200,2,2.0,0.0
2021-01-04,Małopolskie,194,0,0.0,0.0
2021-01-05,Małopolskie,233,23,8.0,15.0
2021-01-06,Małopolskie,625,23,15.0,8.0
2021-01-07,Małopolskie,453,2,2.0,0.0
2021-01-08,Małopolskie,352,10,3.0,7.0
2021-01-09,Małopolskie,418,13,9.0,4.0
2021-01-10,Małopolskie,260,2,1.0,1.0
2021-01-11,Małopolskie,233,1,0.0,1.0
2021-01-12,Małopolskie,236,26,10.0,16.0
2021-01-13,Małopolskie,383,35,18.0,17.0
2021-01-14,Małopolskie,337,12,3.0,9.0
2021-01-15,Małopolskie,321,16,6.0,10.0
2021-01-16,Małopolskie,293,14,5.0,9.0
2021-01-18,Małopolskie,306,0,0.0,0.0
2020-11-24,Opolskie,512,24,0.0,24.0
2020-11-25,Opolskie,459,39,2.0,37.0
2020-11-26,Opolskie,587,23,0.0,23.0
2020-11-27,Opolskie,536,19,1.0,18.0
2020-11-28,Opolskie,429,18,0.0,18.0
2020-11-29,Opolskie,432,3,0.0,3.0
2020-11-30,Opolskie,198,0,0.0,0.0
2020-12-01,Opolskie,361,20,2.0,18.0
2020-12-02,Opolskie,257,39,2.0,37.0
2020-12-03,Opolskie,469,27,5.0,22.0
2020-12-04,Opolskie,449,14,2.0,12.0
2020-12-05,Opolskie,359,23,1.0,22.0
2020-12-06,Opolskie,307,8,1.0,7.0
2020-12-07,Opolskie,195,1,0.0,1.0
2020-12-08,Opolskie,140,18,2.0,16.0
2020-12-09,Opolskie,224,19,0.0,19.0
2020-12-10,Opolskie,493,14,1.0,13.0
2020-12-11,Opolskie,337,13,1.0,12.0
2020-12-12,Opolskie,315,8,2.0,6.0
2020-12-13,Opolskie,133,0,0.0,0.0
2020-12-14,Opolskie,176,1,0.0,1.0
2020-12-15,Opolskie,129,17,3.0,14.0
2020-12-16,Opolskie,247,20,0.0,20.0
2020-12-17,Opolskie,251,15,1.0,14.0
2020-12-18,Opolskie,250,13,1.0,12.0
2020-12-19,Opolskie,222,14,1.0,13.0
2020-12-20,Opolskie,173,1,0.0,1.0
2020-12-21,Opolskie,138,2,1.0,1.0
2020-12-22,Opolskie,93,19,3.0,16.0
2020-12-23,Opolskie,250,15,2.0,13.0
2020-12-24,Opolskie,281,12,1.0,11.0
2020-12-25,Opolskie,258,2,0.0,2.0
2020-12-26,Opolskie,97,1,1.0,0.0
2020-12-27,Opolskie,99,1,0.0,1.0
2020-12-28,Opolskie,49,0,0.0,0.0
2020-12-29,Opolskie,120,6,1.0,5.0
2020-12-30,Opolskie,206,28,3.0,25.0
2020-12-31,Opolskie,347,20,1.0,19.0
2021-01-01,Opolskie,179,15,3.0,12.0
2021-01-02,Opolskie,182,2,0.0,2.0
2021-01-03,Opolskie,100,0,0.0,0.0
2021-01-04,Opolskie,84,0,0.0,0.0
2021-01-05,Opolskie,93,12,0.0,12.0
2021-01-06,Opolskie,222,15,1.0,14.0
2021-01-07,Opolskie,326,5,0.0,5.0
2021-01-08,Opolskie,96,9,2.0,7.0
2021-01-09,Opolskie,195,8,0.0,8.0
2021-01-10,Opolskie,181,0,0.0,0.0
2021-01-11,Opolskie,127,1,0.0,1.0
2021-01-12,Opolskie,116,8,3.0,5.0
2021-01-13,Opolskie,172,3,1.0,2.0
2021-01-14,Opolskie,235,3,1.0,2.0
2021-01-15,Opolskie,214,6,0.0,6.0
2021-01-16,Opolskie,222,3,0.0,3.0
2021-01-18,Opolskie,125,0,0.0,0.0
2020-11-24,Podkarpackie,540,13,3.0,10.0
2020-11-25,Podkarpackie,590,36,3.0,33.0
2020-11-26,Podkarpackie,649,69,10.0,59.0
2020-11-27,Podkarpackie,790,33,1.0,32.0
2020-11-28,Podkarpackie,713,51,14.0,37.0
2020-11-29,Podkarpackie,339,28,5.0,23.0
2020-11-30,Podkarpackie,201,7,1.0,6.0
2020-12-01,Podkarpackie,346,20,2.0,18.0
2020-12-02,Podkarpackie,518,31,6.0,25.0
2020-12-03,Podkarpackie,413,29,9.0,20.0
2020-12-04,Podkarpackie,324,29,7.0,22.0
2020-12-05,Podkarpackie,255,31,5.0,26.0
2020-12-06,Podkarpackie,184,14,1.0,13.0
2020-12-07,Podkarpackie,155,3,0.0,3.0
2020-12-08,Podkarpackie,204,21,5.0,16.0
2020-12-09,Podkarpackie,253,33,7.0,26.0
2020-12-10,Podkarpackie,406,33,8.0,25.0
2020-12-11,Podkarpackie,260,36,8.0,28.0
2020-12-12,Podkarpackie,525,23,4.0,19.0
2020-12-13,Podkarpackie,204,5,3.0,2.0
2020-12-14,Podkarpackie,180,3,0.0,3.0
2020-12-15,Podkarpackie,306,7,2.0,5.0
2020-12-16,Podkarpackie,322,31,9.0,22.0
2020-12-17,Podkarpackie,288,16,2.0,14.0
2020-12-18,Podkarpackie,168,29,7.0,22.0
2020-12-19,Podkarpackie,366,13,3.0,10.0
2020-12-20,Podkarpackie,142,10,0.0,10.0
2020-12-21,Podkarpackie,132,5,0.0,5.0
2020-12-22,Podkarpackie,225,11,2.0,9.0
2020-12-23,Podkarpackie,219,21,7.0,14.0
2020-12-24,Podkarpackie,288,20,3.0,17.0
2020-12-25,Podkarpackie,212,18,3.0,15.0
2020-12-26,Podkarpackie,132,1,0.0,1.0
2020-12-27,Podkarpackie,68,1,1.0,0.0
2020-12-28,Podkarpackie,76,0,0.0,0.0
2020-12-29,Podkarpackie,85,8,0.0,8.0
2020-12-30,Podkarpackie,279,19,,19.0
2020-12-31,Podkarpackie,284,17,1.0,16.0
2021-01-01,Podkarpackie,261,36,11.0,25.0
2021-01-02,Podkarpackie,217,2,0.0,2.0
2021-01-03,Podkarpackie,118,6,0.0,6.0
2021-01-04,Podkarpackie,116,2,0.0,2.0
2021-01-05,Podkarpackie,270,18,1.0,17.0
2021-01-06,Podkarpackie,654,24,0.0,24.0
2021-01-07,Podkarpackie,570,7,0.0,7.0
2021-01-08,Podkarpackie,490,8,1.0,7.0
2021-01-09,Podkarpackie,291,11,2.0,9.0
2021-01-10,Podkarpackie,214,7,0.0,7.0
2021-01-11,Podkarpackie,159,3,0.0,3.0
2021-01-12,Podkarpackie,108,24,4.0,20.0
2021-01-13,Podkarpackie,235,13,2.0,11.0
2021-01-14,Podkarpackie,233,17,4.0,13.0
2021-01-15,Podkarpackie,232,17,1.0,16.0
2021-01-16,Podkarpackie,194,15,0.0,15.0
2021-01-18,Podkarpackie,83,4,2.0,2.0
2020-11-24,Podlaskie,309,19,0.0,19.0
2020-11-25,Podlaskie,449,13,0.0,13.0
2020-11-26,Podlaskie,464,24,3.0,21.0
2020-11-27,Podlaskie,491,25,5.0,20.0
2020-11-28,Podlaskie,481,15,0.0,15.0
2020-11-29,Podlaskie,307,11,1.0,10.0
2020-11-30,Podlaskie,118,2,0.0,2.0
2020-12-01,Podlaskie,216,5,0.0,5.0
2020-12-02,Podlaskie,393,5,0.0,5.0
2020-12-03,Podlaskie,356,26,0.0,26.0
2020-12-04,Podlaskie,373,11,1.0,10.0
2020-12-05,Podlaskie,287,24,3.0,21.0
2020-12-06,Podlaskie,223,24,4.0,20.0
2020-12-07,Podlaskie,155,5,0.0,5.0
2020-12-08,Podlaskie,193,2,0.0,2.0
2020-12-09,Podlaskie,360,12,10.0,2.0
2020-12-10,Podlaskie,364,5,2.0,3.0
2020-12-11,Podlaskie,308,40,17.0,23.0
2020-12-12,Podlaskie,356,13,6.0,7.0
2020-12-13,Podlaskie,231,8,2.0,6.0
2020-12-14,Podlaskie,78,0,0.0,0.0
2020-12-15,Podlaskie,169,5,1.0,4.0
2020-12-16,Podlaskie,370,29,15.0,14.0
2020-12-17,Podlaskie,230,10,5.0,5.0
2020-12-18,Podlaskie,266,12,6.0,6.0
2020-12-19,Podlaskie,341,9,4.0,5.0
2020-12-20,Podlaskie,178,9,5.0,4.0
2020-12-21,Podlaskie,100,1,0.0,1.0
2020-12-22,Podlaskie,172,4,0.0,4.0
2020-12-23,Podlaskie,326,7,3.0,4.0
2020-12-24,Podlaskie,325,9,1.0,8.0
2020-12-25,Podlaskie,242,6,1.0,5.0
2020-12-26,Podlaskie,115,2,1.0,1.0
2020-12-27,Podlaskie,93,1,0.0,1.0
2020-12-28,Podlaskie,70,1,1.0,0.0
2020-12-29,Podlaskie,203,6,2.0,4.0
2020-12-30,Podlaskie,426,16,,16.0
2020-12-31,Podlaskie,356,28,2.0,26.0
2021-01-01,Podlaskie,307,10,4.0,6.0
2021-01-02,Podlaskie,173,11,1.0,10.0
2021-01-03,Podlaskie,171,0,0.0,0.0
2021-01-04,Podlaskie,80,3,0.0,3.0
2021-01-05,Podlaskie,189,7,0.0,7.0
2021-01-06,Podlaskie,477,15,2.0,13.0
2021-01-07,Podlaskie,272,6,0.0,6.0
2021-01-08,Podlaskie,293,6,2.0,4.0
2021-01-09,Podlaskie,298,17,0.0,17.0
2021-01-10,Podlaskie,239,8,0.0,8.0
2021-01-11,Podlaskie,75,0,0.0,0.0
2021-01-12,Podlaskie,143,2,0.0,2.0
2021-01-13,Podlaskie,333,26,1.0,25.0
2021-01-14,Podlaskie,291,6,0.0,6.0
2021-01-15,Podlaskie,277,7,1.0,6.0
2021-01-16,Podlaskie,210,4,0.0,4.0
2021-01-18,Podlaskie,69,0,0.0,0.0
2020-11-24,Polska,10139,540,55.0,485.0
2020-11-25,Polska,15362,674,152.0,522.0
2020-11-26,Polska,16687,580,78.0,502.0
2020-11-27,Polska,17060,579,112.0,467.0
2020-11-28,Polska,15178,599,85.0,514.0
2020-11-29,Polska,11483,283,46.0,237.0
2020-11-30,Polska,5733,121,21.0,100.0
2020-12-01,Polska,9105,449,68.0,381.0
2020-12-02,Polska,13855,609,89.0,520.0
2020-12-03,Polska,14838,620,109.0,511.0
2020-12-04,Polska,13239,531,110.0,421.0
2020-12-05,Polska,12430,502,104.0,398.0
2020-12-06,Polska,9176,228,42.0,186.0
2020-12-07,Polska,4423,92,10.0,82.0
2020-12-08,Polska,8312,411,94.0,317.0
2020-12-09,Polska,12168,568,133.0,435.0
2020-12-10,Polska,13749,470,113.0,357.0
2020-12-11,Polska,13110,544,132.0,412.0
2020-12-12,Polska,11497,502,131.0,371.0
2020-12-13,Polska,8977,188,49.0,139.0
2020-12-14,Polska,4896,96,40.0,56.0
2020-12-15,Polska,6907,349,77.0,272.0
2020-12-16,Polska,12454,605,155.0,450.0
2020-12-17,Polska,11953,431,93.0,338.0
2020-12-18,Polska,11013,426,122.0,304.0
2020-12-19,Polska,11267,483,108.0,375.0
2020-12-20,Polska,8594,143,39.0,104.0
2020-12-21,Polska,4633,77,34.0,43.0
2020-12-22,Polska,7192,309,72.0,237.0
2020-12-23,Polska,12361,472,104.0,368.0
2020-12-24,Polska,13115,497,132.0,365.0
2020-12-25,Polska,9077,240,63.0,177.0
2020-12-26,Polska,5048,69,4.0,65.0
2020-12-27,Polska,3678,57,6.0,51.0
2020-12-28,Polska,3211,29,1.0,28.0
2020-12-29,Polska,7914,307,55.0,252.0
2020-12-30,Polska,12955,565,125.0,440.0
2020-12-31,Polska,13397,532,104.0,428.0
2021-01-01,Polska,11008,400,122.0,278.0
2021-01-02,Polska,6945,102,18.0,84.0
2021-01-03,Polska,5739,61,7.0,54.0
2021-01-04,Polska,4432,42,8.0,34.0
2021-01-05,Polska,7624,341,85.0,256.0
2021-01-06,Polska,14151,553,144.0,409.0
2021-01-07,Polska,12054,186,38.0,148.0
2021-01-08,Polska,8790,332,60.0,272.0
2021-01-09,Polska,10548,438,100.0,338.0
2021-01-10,Polska,9410,177,41.0,136.0
2021-01-11,Polska,4622,75,10.0,65.0
2021-01-12,Polska,5569,326,93.0,233.0
2021-01-13,Polska,9053,481,117.0,364.0
2021-01-14,Polska,9436,381,92.0,289.0
2021-01-15,Polska,7795,386,88.0,298.0
2021-01-16,Polska,7412,369,69.0,300.0
2021-01-18,Polska,3271,52,11.0,41.0
2020-11-24,Pomorskie,979,35,3.0,32.0
2020-11-25,Pomorskie,1126,25,22.0,3.0
2020-11-26,Pomorskie,1105,32,5.0,27.0
2020-11-27,Pomorskie,1258,30,8.0,22.0
2020-11-28,Pomorskie,1026,44,3.0,41.0
2020-11-29,Pomorskie,978,19,2.0,17.0
2020-11-30,Pomorskie,441,3,1.0,2.0
2020-12-01,Pomorskie,443,57,8.0,49.0
2020-12-02,Pomorskie,1060,46,13.0,33.0
2020-12-03,Pomorskie,1226,25,11.0,14.0
2020-12-04,Pomorskie,813,20,6.0,14.0
2020-12-05,Pomorskie,969,45,8.0,37.0
2020-12-06,Pomorskie,874,19,4.0,15.0
2020-12-07,Pomorskie,335,7,0.0,7.0
2020-12-08,Pomorskie,515,23,4.0,19.0
2020-12-09,Pomorskie,933,33,6.0,27.0
2020-12-10,Pomorskie,887,19,5.0,14.0
2020-12-11,Pomorskie,1147,22,4.0,18.0
2020-12-12,Pomorskie,752,32,7.0,25.0
2020-12-13,Pomorskie,1003,3,0.0,3.0
2020-12-14,Pomorskie,460,4,0.0,4.0
2020-12-15,Pomorskie,495,29,3.0,26.0
2020-12-16,Pomorskie,868,28,6.0,22.0
2020-12-17,Pomorskie,951,22,2.0,20.0
2020-12-18,Pomorskie,951,23,6.0,17.0
2020-12-19,Pomorskie,1040,30,3.0,27.0
2020-12-20,Pomorskie,817,3,0.0,3.0
2020-12-21,Pomorskie,549,2,2.0,0.0
2020-12-22,Pomorskie,697,12,5.0,7.0
2020-12-23,Pomorskie,968,30,4.0,26.0
2020-12-24,Pomorskie,1107,18,4.0,14.0
2020-12-25,Pomorskie,666,10,1.0,9.0
2020-12-26,Pomorskie,487,0,0.0,0.0
2020-12-27,Pomorskie,536,4,0.0,4.0
2020-12-28,Pomorskie,404,2,0.0,2.0
2020-12-29,Pomorskie,483,23,5.0,18.0
2020-12-30,Pomorskie,1101,45,7.0,38.0
2020-12-31,Pomorskie,1288,42,11.0,31.0
2021-01-01,Pomorskie,1027,24,4.0,20.0
2021-01-02,Pomorskie,787,0,0.0,0.0
2021-01-03,Pomorskie,705,4,0.0,4.0
2021-01-04,Pomorskie,623,2,0.0,2.0
2021-01-05,Pomorskie,534,39,7.0,32.0
2021-01-06,Pomorskie,1148,31,6.0,25.0
2021-01-07,Pomorskie,1003,10,3.0,7.0
2021-01-08,Pomorskie,987,28,8.0,20.0
2021-01-09,Pomorskie,977,27,5.0,22.0
2021-01-10,Pomorskie,1010,24,3.0,21.0
2021-01-11,Pomorskie,509,22,2.0,20.0
2021-01-12,Pomorskie,583,25,7.0,18.0
2021-01-13,Pomorskie,729,32,3.0,29.0
2021-01-14,Pomorskie,878,16,1.0,15.0
2021-01-15,Pomorskie,740,17,0.0,17.0
2021-01-16,Pomorskie,741,24,4.0,20.0
2021-01-18,Pomorskie,468,1,0.0,1.0
2020-11-24,Warmińsko-Mazurskie,473,31,2.0,29.0
2020-11-25,Warmińsko-Mazurskie,858,34,4.0,30.0
2020-11-26,Warmińsko-Mazurskie,1210,22,3.0,19.0
2020-11-27,Warmińsko-Mazurskie,1065,30,0.0,30.0
2020-11-28,Warmińsko-Mazurskie,950,47,3.0,44.0
2020-11-29,Warmińsko-Mazurskie,618,7,0.0,7.0
2020-11-30,Warmińsko-Mazurskie,327,9,0.0,9.0
2020-12-01,Warmińsko-Mazurskie,534,36,1.0,35.0
2020-12-02,Warmińsko-Mazurskie,785,31,0.0,31.0
2020-12-03,Warmińsko-Mazurskie,1058,49,7.0,42.0
2020-12-04,Warmińsko-Mazurskie,964,27,7.0,20.0
2020-12-05,Warmińsko-Mazurskie,762,18,0.0,18.0
2020-12-06,Warmińsko-Mazurskie,692,11,1.0,10.0
2020-12-07,Warmińsko-Mazurskie,217,4,0.0,4.0
2020-12-08,Warmińsko-Mazurskie,528,27,0.0,27.0
2020-12-09,Warmińsko-Mazurskie,651,21,5.0,16.0
2020-12-10,Warmińsko-Mazurskie,897,30,2.0,28.0
2020-12-11,Warmińsko-Mazurskie,1198,17,0.0,17.0
2020-12-12,Warmińsko-Mazurskie,736,26,5.0,21.0
2020-12-13,Warmińsko-Mazurskie,646,30,6.0,24.0
2020-12-14,Warmińsko-Mazurskie,275,1,0.0,1.0
2020-12-15,Warmińsko-Mazurskie,572,23,3.0,20.0
2020-12-16,Warmińsko-Mazurskie,815,31,5.0,26.0
2020-12-17,Warmińsko-Mazurskie,935,27,3.0,24.0
2020-12-18,Warmińsko-Mazurskie,827,19,1.0,18.0
2020-12-19,Warmińsko-Mazurskie,707,36,5.0,31.0
2020-12-20,Warmińsko-Mazurskie,612,1,0.0,1.0
2020-12-21,Warmińsko-Mazurskie,171,1,0.0,1.0
2020-12-22,Warmińsko-Mazurskie,578,20,5.0,15.0
2020-12-23,Warmińsko-Mazurskie,981,32,1.0,31.0
2020-12-24,Warmińsko-Mazurskie,839,33,6.0,27.0
2020-12-25,Warmińsko-Mazurskie,607,0,0.0,0.0
2020-12-26,Warmińsko-Mazurskie,315,1,0.0,1.0
2020-12-27,Warmińsko-Mazurskie,188,1,1.0,0.0
2020-12-28,Warmińsko-Mazurskie,136,0,0.0,0.0
2020-12-29,Warmińsko-Mazurskie,765,33,3.0,30.0
2020-12-30,Warmińsko-Mazurskie,988,15,2.0,13.0
2020-12-31,Warmińsko-Mazurskie,1061,54,9.0,45.0
2021-01-01,Warmińsko-Mazurskie,825,11,1.0,10.0
2021-01-02,Warmińsko-Mazurskie,321,0,0.0,0.0
2021-01-03,Warmińsko-Mazurskie,376,5,1.0,4.0
2021-01-04,Warmińsko-Mazurskie,139,8,1.0,7.0
2021-01-05,Warmińsko-Mazurskie,601,30,3.0,27.0
2021-01-06,Warmińsko-Mazurskie,1082,15,2.0,13.0
2021-01-07,Warmińsko-Mazurskie,709,10,2.0,8.0
2021-01-08,Warmińsko-Mazurskie,486,26,3.0,23.0
2021-01-09,Warmińsko-Mazurskie,928,27,8.0,19.0
2021-01-10,Warmińsko-Mazurskie,515,0,0.0,0.0
2021-01-11,Warmińsko-Mazurskie,210,3,0.0,3.0
2021-01-12,Warmińsko-Mazurskie,483,23,6.0,17.0
2021-01-13,Warmińsko-Mazurskie,626,19,2.0,17.0
2021-01-14,Warmińsko-Mazurskie,690,29,4.0,25.0
2021-01-15,Warmińsko-Mazurskie,420,21,2.0,19.0
2021-01-16,Warmińsko-Mazurskie,547,28,5.0,23.0
2021-01-18,Warmińsko-Mazurskie,108,0,0.0,0.0
2020-11-24,Wielkopolskie,630,41,1.0,40.0
2020-11-25,Wielkopolskie,1420,66,6.0,60.0
2020-11-26,Wielkopolskie,1668,45,8.0,37.0
2020-11-27,Wielkopolskie,2072,25,10.0,15.0
2020-11-28,Wielkopolskie,1748,60,8.0,52.0
2020-11-29,Wielkopolskie,1574,21,6.0,15.0
2020-11-30,Wielkopolskie,532,30,4.0,26.0
2020-12-01,Wielkopolskie,796,17,4.0,13.0
2020-12-02,Wielkopolskie,1577,56,17.0,39.0
2020-12-03,Wielkopolskie,1755,61,12.0,49.0
2020-12-04,Wielkopolskie,1380,40,19.0,21.0
2020-12-05,Wielkopolskie,1195,44,26.0,18.0
2020-12-06,Wielkopolskie,1096,26,6.0,20.0
2020-12-07,Wielkopolskie,424,13,0.0,13.0
2020-12-08,Wielkopolskie,580,21,7.0,14.0
2020-12-09,Wielkopolskie,1213,57,33.0,24.0
2020-12-10,Wielkopolskie,1672,49,18.0,31.0
2020-12-11,Wielkopolskie,1411,49,25.0,24.0
2020-12-12,Wielkopolskie,1032,58,27.0,31.0
2020-12-13,Wielkopolskie,1132,31,12.0,19.0
2020-12-14,Wielkopolskie,392,43,30.0,13.0
2020-12-15,Wielkopolskie,639,46,16.0,30.0
2020-12-16,Wielkopolskie,1373,73,17.0,56.0
2020-12-17,Wielkopolskie,1555,51,13.0,38.0
2020-12-18,Wielkopolskie,1148,33,13.0,20.0
2020-12-19,Wielkopolskie,1197,79,31.0,48.0
2020-12-20,Wielkopolskie,1151,24,19.0,5.0
2020-12-21,Wielkopolskie,302,32,21.0,11.0
2020-12-22,Wielkopolskie,574,24,4.0,20.0
2020-12-23,Wielkopolskie,1391,67,30.0,37.0
2020-12-24,Wielkopolskie,1605,82,43.0,39.0
2020-12-25,Wielkopolskie,1045,44,21.0,23.0
2020-12-26,Wielkopolskie,518,15,1.0,14.0
2020-12-27,Wielkopolskie,387,18,0.0,18.0
2020-12-28,Wielkopolskie,309,7,0.0,7.0
2020-12-29,Wielkopolskie,647,35,5.0,30.0
2020-12-30,Wielkopolskie,1585,54,31.0,23.0
2020-12-31,Wielkopolskie,1469,58,15.0,43.0
2021-01-01,Wielkopolskie,1249,48,12.0,36.0
2021-01-02,Wielkopolskie,915,24,4.0,20.0
2021-01-03,Wielkopolskie,495,21,1.0,20.0
2021-01-04,Wielkopolskie,317,17,7.0,10.0
2021-01-05,Wielkopolskie,802,18,3.0,15.0
2021-01-06,Wielkopolskie,1488,45,16.0,29.0
2021-01-07,Wielkopolskie,1609,27,8.0,19.0
2021-01-08,Wielkopolskie,774,30,5.0,25.0
2021-01-09,Wielkopolskie,1151,54,19.0,35.0
2021-01-10,Wielkopolskie,1106,23,8.0,15.0
2021-01-11,Wielkopolskie,446,10,2.0,8.0
2021-01-12,Wielkopolskie,483,16,7.0,9.0
2021-01-13,Wielkopolskie,1014,65,30.0,35.0
2021-01-14,Wielkopolskie,1058,65,29.0,36.0
2021-01-15,Wielkopolskie,768,38,15.0,23.0
2021-01-16,Wielkopolskie,696,45,15.0,30.0
2021-01-18,Wielkopolskie,224,17,2.0,15.0
2020-11-24,Zachodniopomorskie,457,39,5.0,34.0
2020-11-25,Zachodniopomorskie,1011,17,2.0,15.0
2020-11-26,Zachodniopomorskie,991,23,3.0,20.0
2020-11-27,Zachodniopomorskie,915,22,7.0,15.0
2020-11-28,Zachodniopomorskie,902,16,4.0,12.0
2020-11-29,Zachodniopomorskie,780,6,3.0,3.0
2020-11-30,Zachodniopomorskie,599,1,0.0,1.0
2020-12-01,Zachodniopomorskie,461,8,0.0,8.0
2020-12-02,Zachodniopomorskie,751,24,0.0,24.0
2020-12-03,Zachodniopomorskie,939,26,0.0,26.0
2020-12-04,Zachodniopomorskie,999,28,1.0,27.0
2020-12-05,Zachodniopomorskie,974,20,0.0,20.0
2020-12-06,Zachodniopomorskie,674,16,0.0,16.0
2020-12-07,Zachodniopomorskie,529,1,0.0,1.0
2020-12-08,Zachodniopomorskie,486,16,2.0,14.0
2020-12-09,Zachodniopomorskie,932,35,4.0,31.0
2020-12-10,Zachodniopomorskie,956,8,0.0,8.0
2020-12-11,Zachodniopomorskie,1110,30,2.0,28.0
2020-12-12,Zachodniopomorskie,973,17,0.0,17.0
2020-12-13,Zachodniopomorskie,593,16,1.0,15.0
2020-12-14,Zachodniopomorskie,561,2,0.0,2.0
2020-12-15,Zachodniopomorskie,328,4,0.0,4.0
2020-12-16,Zachodniopomorskie,1064,24,1.0,23.0
2020-12-17,Zachodniopomorskie,1124,17,0.0,17.0
2020-12-18,Zachodniopomorskie,956,29,2.0,27.0
2020-12-19,Zachodniopomorskie,974,26,0.0,26.0
2020-12-20,Zachodniopomorskie,773,8,0.0,8.0
2020-12-21,Zachodniopomorskie,561,2,0.0,2.0
2020-12-22,Zachodniopomorskie,391,24,1.0,23.0
2020-12-23,Zachodniopomorskie,989,19,0.0,19.0
2020-12-24,Zachodniopomorskie,1005,28,1.0,27.0
2020-12-25,Zachodniopomorskie,990,27,0.0,27.0
2020-12-26,Zachodniopomorskie,557,4,0.0,4.0
2020-12-27,Zachodniopomorskie,270,3,0.0,3.0
2020-12-28,Zachodniopomorskie,282,0,0.0,0.0
2020-12-29,Zachodniopomorskie,713,9,0.0,9.0
2020-12-30,Zachodniopomorskie,996,30,,30.0
2020-12-31,Zachodniopomorskie,900,33,2.0,31.0
2021-01-01,Zachodniopomorskie,951,18,1.0,17.0
2021-01-02,Zachodniopomorskie,538,3,0.0,3.0
2021-01-03,Zachodniopomorskie,518,4,0.0,4.0
2021-01-04,Zachodniopomorskie,436,3,0.0,3.0
2021-01-05,Zachodniopomorskie,569,8,0.0,8.0
2021-01-06,Zachodniopomorskie,921,30,1.0,29.0
2021-01-07,Zachodniopomorskie,1324,18,0.0,18.0
2021-01-08,Zachodniopomorskie,554,15,0.0,15.0
2021-01-09,Zachodniopomorskie,843,37,1.0,36.0
2021-01-10,Zachodniopomorskie,936,13,1.0,12.0
2021-01-11,Zachodniopomorskie,570,5,0.0,5.0
2021-01-12,Zachodniopomorskie,400,9,1.0,8.0
2021-01-13,Zachodniopomorskie,700,42,5.0,37.0
2021-01-14,Zachodniopomorskie,788,28,1.0,27.0
2021-01-15,Zachodniopomorskie,749,26,2.0,24.0
2021-01-16,Zachodniopomorskie,629,31,0.0,31.0
2021-01-18,Zachodniopomorskie,292,1,0.0,1.0
2020-11-24,Łódzkie,563,39,10.0,29.0
2020-11-25,Łódzkie,1010,60,24.0,36.0
2020-11-26,Łódzkie,1099,37,8.0,29.0
2020-11-27,Łódzkie,1001,43,11.0,32.0
2020-11-28,Łódzkie,658,60,8.0,52.0
2020-11-29,Łódzkie,838,37,3.0,34.0
2020-11-30,Łódzkie,375,10,7.0,3.0
2020-12-01,Łódzkie,615,21,6.0,15.0
2020-12-02,Łódzkie,1013,31,8.0,23.0
2020-12-03,Łódzkie,889,41,6.0,35.0
2020-12-04,Łódzkie,915,48,13.0,35.0
2020-12-05,Łódzkie,897,44,5.0,39.0
2020-12-06,Łódzkie,561,7,0.0,7.0
2020-12-07,Łódzkie,238,8,1.0,7.0
2020-12-08,Łódzkie,563,35,11.0,24.0
2020-12-09,Łódzkie,821,64,5.0,59.0
2020-12-10,Łódzkie,863,67,13.0,54.0
2020-12-11,Łódzkie,838,41,10.0,31.0
2020-12-12,Łódzkie,695,35,8.0,27.0
2020-12-13,Łódzkie,572,1,0.0,1.0
2020-12-14,Łódzkie,190,0,0.0,0.0
2020-12-15,Łódzkie,446,26,11.0,15.0
2020-12-16,Łódzkie,943,68,21.0,47.0
2020-12-17,Łódzkie,767,27,4.0,23.0
2020-12-18,Łódzkie,656,34,14.0,20.0
2020-12-19,Łódzkie,762,32,0.0,32.0
2020-12-20,Łódzkie,447,9,1.0,8.0
2020-12-21,Łódzkie,265,2,1.0,1.0
2020-12-22,Łódzkie,453,22,3.0,19.0
2020-12-23,Łódzkie,859,25,7.0,18.0
2020-12-24,Łódzkie,945,51,10.0,41.0
2020-12-25,Łódzkie,739,10,7.0,3.0
2020-12-26,Łódzkie,280,0,0.0,0.0
2020-12-27,Łódzkie,199,2,1.0,1.0
2020-12-28,Łódzkie,199,0,0.0,0.0
2020-12-29,Łódzkie,671,16,0.0,16.0
2020-12-30,Łódzkie,801,36,8.0,28.0
2020-12-31,Łódzkie,703,23,2.0,21.0
2021-01-01,Łódzkie,704,25,3.0,22.0
2021-01-02,Łódzkie,604,4,2.0,2.0
2021-01-03,Łódzkie,292,0,0.0,0.0
2021-01-04,Łódzkie,287,0,0.0,0.0
2021-01-05,Łódzkie,487,21,8.0,13.0
2021-01-06,Łódzkie,1058,125,50.0,75.0
2021-01-07,Łódzkie,627,29,1.0,28.0
2021-01-08,Łódzkie,546,50,4.0,46.0
2021-01-09,Łódzkie,702,29,1.0,28.0
2021-01-10,Łódzkie,573,7,4.0,3.0
2021-01-11,Łódzkie,218,2,0.0,2.0
2021-01-12,Łódzkie,285,28,11.0,17.0
2021-01-13,Łódzkie,567,43,7.0,36.0
2021-01-14,Łódzkie,554,35,8.0,27.0
2021-01-15,Łódzkie,495,37,8.0,29.0
2021-01-16,Łódzkie,416,34,5.0,29.0
2021-01-18,Łódzkie,98,2,0.0,2.0
2020-11-24,Śląskie,945,77,3.0,74.0
2020-11-25,Śląskie,1941,53,4.0,49.0
2020-11-26,Śląskie,1824,69,3.0,66.0
2020-11-27,Śląskie,1560,50,5.0,45.0
2020-11-28,Śląskie,1402,54,1.0,53.0
2020-11-29,Śląskie,977,19,4.0,15.0
2020-11-30,Śląskie,421,18,4.0,14.0
2020-12-01,Śląskie,1084,39,4.0,35.0
2020-12-02,Śląskie,1494,65,6.0,59.0
2020-12-03,Śląskie,1531,71,7.0,64.0
2020-12-04,Śląskie,1355,66,2.0,64.0
2020-12-05,Śląskie,1283,51,0.0,51.0
2020-12-06,Śląskie,908,23,4.0,19.0
2020-12-07,Śląskie,265,10,1.0,9.0
2020-12-08,Śląskie,852,64,6.0,58.0
2020-12-09,Śląskie,1465,64,3.0,61.0
2020-12-10,Śląskie,1251,47,1.0,46.0
2020-12-11,Śląskie,1080,68,5.0,63.0
2020-12-12,Śląskie,993,62,8.0,54.0
2020-12-13,Śląskie,668,17,3.0,14.0
2020-12-14,Śląskie,272,3,1.0,2.0
2020-12-15,Śląskie,608,45,5.0,40.0
2020-12-16,Śląskie,1340,48,2.0,46.0
2020-12-17,Śląskie,964,27,1.0,26.0
2020-12-18,Śląskie,918,46,7.0,39.0
2020-12-19,Śląskie,803,55,10.0,45.0
2020-12-20,Śląskie,694,17,2.0,15.0
2020-12-21,Śląskie,240,2,1.0,1.0
2020-12-22,Śląskie,719,20,1.0,19.0
2020-12-23,Śląskie,1269,44,10.0,34.0
2020-12-24,Śląskie,1003,42,4.0,38.0
2020-12-25,Śląskie,695,21,1.0,20.0
2020-12-26,Śląskie,285,2,0.0,2.0
2020-12-27,Śląskie,279,3,1.0,2.0
2020-12-28,Śląskie,224,4,0.0,4.0
2020-12-29,Śląskie,823,38,1.0,37.0
2020-12-30,Śląskie,1299,65,2.0,63.0
2020-12-31,Śląskie,1046,46,5.0,41.0
2021-01-01,Śląskie,885,30,2.0,28.0
2021-01-02,Śląskie,431,7,0.0,7.0
2021-01-03,Śląskie,288,6,1.0,5.0
2021-01-04,Śląskie,282,1,0.0,1.0
2021-01-05,Śląskie,740,27,5.0,22.0
2021-01-06,Śląskie,1391,54,5.0,49.0
2021-01-07,Śląskie,855,15,2.0,13.0
2021-01-08,Śląskie,548,25,1.0,24.0
2021-01-09,Śląskie,836,38,7.0,31.0
2021-01-10,Śląskie,676,9,1.0,8.0
2021-01-11,Śląskie,233,3,0.0,3.0
2021-01-12,Śląskie,522,41,5.0,36.0
2021-01-13,Śląskie,818,37,3.0,34.0
2021-01-14,Śląskie,727,19,0.0,19.0
2021-01-15,Śląskie,601,42,3.0,39.0
2021-01-16,Śląskie,608,33,2.0,31.0
2021-01-18,Śląskie,311,4,1.0,3.0
2020-11-24,Świętokrzyskie,359,17,0.0,17.0
2020-11-25,Świętokrzyskie,303,19,7.0,12.0
2020-11-26,Świętokrzyskie,473,10,0.0,10.0
2020-11-27,Świętokrzyskie,406,19,1.0,18.0
2020-11-28,Świętokrzyskie,310,16,1.0,15.0
2020-11-29,Świętokrzyskie,270,10,2.0,8.0
2020-11-30,Świętokrzyskie,192,2,1.0,1.0
2020-12-01,Świętokrzyskie,264,6,1.0,5.0
2020-12-02,Świętokrzyskie,276,25,3.0,22.0
2020-12-03,Świętokrzyskie,353,16,3.0,13.0
2020-12-04,Świętokrzyskie,252,19,4.0,15.0
2020-12-05,Świętokrzyskie,209,22,3.0,19.0
2020-12-06,Świętokrzyskie,187,11,2.0,9.0
2020-12-07,Świętokrzyskie,69,7,2.0,5.0
2020-12-08,Świętokrzyskie,182,8,0.0,8.0
2020-12-09,Świętokrzyskie,178,18,4.0,14.0
2020-12-10,Świętokrzyskie,215,14,0.0,14.0
2020-12-11,Świętokrzyskie,218,9,0.0,9.0
2020-12-12,Świętokrzyskie,183,15,2.0,13.0
2020-12-13,Świętokrzyskie,132,1,0.0,1.0
2020-12-14,Świętokrzyskie,108,0,0.0,0.0
2020-12-15,Świętokrzyskie,174,8,1.0,7.0
2020-12-16,Świętokrzyskie,181,11,1.0,10.0
2020-12-17,Świętokrzyskie,231,11,1.0,10.0
2020-12-18,Świętokrzyskie,180,14,0.0,14.0
2020-12-19,Świętokrzyskie,164,16,0.0,16.0
2020-12-20,Świętokrzyskie,129,1,0.0,1.0
2020-12-21,Świętokrzyskie,65,6,0.0,6.0
2020-12-22,Świętokrzyskie,153,15,2.0,13.0
2020-12-23,Świętokrzyskie,162,25,5.0,20.0
2020-12-24,Świętokrzyskie,166,13,0.0,13.0
2020-12-25,Świętokrzyskie,89,5,1.0,4.0
2020-12-26,Świętokrzyskie,82,4,0.0,4.0
2020-12-27,Świętokrzyskie,51,0,0.0,0.0
2020-12-28,Świętokrzyskie,55,0,0.0,0.0
2020-12-29,Świętokrzyskie,129,2,1.0,1.0
2020-12-30,Świętokrzyskie,159,20,1.0,19.0
2020-12-31,Świętokrzyskie,193,10,0.0,10.0
2021-01-01,Świętokrzyskie,192,8,3.0,5.0
2021-01-02,Świętokrzyskie,98,0,0.0,0.0
2021-01-03,Świętokrzyskie,77,0,0.0,0.0
2021-01-04,Świętokrzyskie,59,1,0.0,1.0
2021-01-05,Świętokrzyskie,88,3,1.0,2.0
2021-01-06,Świętokrzyskie,218,12,0.0,12.0
2021-01-07,Świętokrzyskie,181,3,0.0,3.0
2021-01-08,Świętokrzyskie,89,3,0.0,3.0
2021-01-09,Świętokrzyskie,154,13,1.0,12.0
2021-01-10,Świętokrzyskie,151,1,0.0,1.0
2021-01-11,Świętokrzyskie,97,0,0.0,0.0
2021-01-12,Świętokrzyskie,108,11,1.0,10.0
2021-01-13,Świętokrzyskie,131,12,1.0,11.0
2021-01-14,Świętokrzyskie,164,4,1.0,3.0
2021-01-15,Świętokrzyskie,127,9,1.0,8.0
2021-01-16,Świętokrzyskie,120,2,0.0,2.0
2021-01-18,Świętokrzyskie,73,0,0.0,0.0
