bin,date,type,count
7,2020-03-12,D,1
7,2020-03-13,D,1
5,2020-03-14,D,1
7,2020-03-14,D,1
4,2020-03-16,D,1
7,2020-03-16,D,1
3,2020-03-17,D,1
7,2020-03-17,D,1
7,2020-03-18,D,2
7,2020-03-19,D,3
3,2020-03-19,D,2
4,2020-03-19,D,1
7,2020-03-20,D,4
7,2020-03-21,D,3
4,2020-03-21,D,1
5,2020-03-21,D,1
7,2020-03-22,D,6
6,2020-03-22,D,1
7,2020-03-23,D,3
6,2020-03-23,D,1
7,2020-03-24,D,7
4,2020-03-24,D,1
6,2020-03-24,D,1
7,2020-03-25,D,9
5,2020-03-25,D,1
7,2020-03-26,D,10
5,2020-03-26,D,1
6,2020-03-26,D,1
7,2020-03-27,D,9
6,2020-03-27,D,3
4,2020-03-27,D,1
5,2020-03-27,D,1
7,2020-03-28,D,14
6,2020-03-28,D,2
5,2020-03-28,D,1
7,2020-03-29,D,13
6,2020-03-29,D,1
7,2020-03-30,D,11
5,2020-03-30,D,1
7,2020-03-31,D,26
5,2020-03-31,D,1
6,2020-03-31,D,1
7,2020-04-01,D,20
6,2020-04-01,D,3
5,2020-04-01,D,1
7,2020-04-02,D,20
6,2020-04-02,D,2
2,2020-04-02,D,1
5,2020-04-02,D,1
7,2020-04-03,D,14
5,2020-04-03,D,1
7,2020-04-04,D,17
3,2020-04-04,D,1
7,2020-04-05,D,18
5,2020-04-05,D,1
6,2020-04-05,D,1
7,2020-04-06,D,15
5,2020-04-06,D,2
6,2020-04-06,D,1
7,2020-04-07,D,15
6,2020-04-07,D,2
3,2020-04-07,D,1
7,2020-04-08,D,16
4,2020-04-08,D,2
5,2020-04-08,D,1
6,2020-04-08,D,1
7,2020-04-09,D,10
5,2020-04-09,D,2
7,2020-04-10,D,14
6,2020-04-10,D,1
7,2020-04-11,D,9
4,2020-04-11,D,1
5,2020-04-11,D,1
6,2020-04-11,D,1
7,2020-04-12,D,12
6,2020-04-12,D,2
4,2020-04-12,D,1
5,2020-04-12,D,1
7,2020-04-13,D,11
4,2020-04-13,D,1
5,2020-04-13,D,1
7,2020-04-14,D,8
3,2020-04-14,D,1
7,2020-04-15,D,25
4,2020-04-15,D,1
5,2020-04-15,D,1
7,2020-04-16,D,7
7,2020-04-17,D,11
2,2020-04-17,D,1
4,2020-04-17,D,1
5,2020-04-17,D,1
6,2020-04-17,D,1
7,2020-04-18,D,32
5,2020-04-18,D,2
7,2020-04-19,D,7
5,2020-04-19,D,2
4,2020-04-19,D,1
6,2020-04-19,D,1
7,2020-04-20,D,15
6,2020-04-20,D,2
7,2020-04-21,D,12
5,2020-04-21,D,2
7,2020-04-22,D,19
4,2020-04-22,D,1
7,2020-04-23,D,13
3,2020-04-23,D,1
7,2020-04-24,D,19
7,2020-04-25,D,7
6,2020-04-25,D,2
7,2020-04-26,D,11
5,2020-04-26,D,1
7,2020-04-27,D,12
5,2020-04-27,D,2
7,2020-04-28,D,11
6,2020-04-28,D,1
7,2020-04-29,D,7
7,2020-04-30,D,6
7,2020-05-01,D,12
7,2020-05-02,D,5
7,2020-05-03,D,10
6,2020-05-03,D,1
7,2020-05-04,D,6
5,2020-05-04,D,1
6,2020-05-04,D,1
7,2020-05-05,D,9
5,2020-05-05,D,1
6,2020-05-05,D,1
7,2020-05-06,D,6
5,2020-05-06,D,1
7,2020-05-07,D,10
5,2020-05-07,D,1
6,2020-05-07,D,1
7,2020-05-08,D,11
7,2020-05-09,D,3
5,2020-05-09,D,1
7,2020-05-10,D,6
7,2020-05-11,D,6
6,2020-05-11,D,1
7,2020-05-12,D,3
7,2020-05-14,D,6
7,2020-05-15,D,2
5,2020-05-15,D,1
7,2020-05-16,D,3
5,2020-05-16,D,1
6,2020-05-16,D,1
7,2020-05-17,D,5
5,2020-05-17,D,1
6,2020-05-18,D,1
7,2020-05-18,D,1
7,2020-05-19,D,3
6,2020-05-19,D,1
7,2020-05-20,D,4
6,2020-05-20,D,2
5,2020-05-20,D,1
7,2020-05-21,D,9
4,2020-05-21,D,1
5,2020-05-21,D,1
7,2020-05-22,D,8
7,2020-05-23,D,13
5,2020-05-23,D,2
6,2020-05-23,D,2
7,2020-05-24,D,4
5,2020-05-24,D,1
7,2020-05-25,D,2
4,2020-05-25,D,1
6,2020-05-25,D,1
7,2020-05-26,D,8
6,2020-05-26,D,1
7,2020-05-27,D,10
6,2020-05-27,D,1
7,2020-05-28,D,3
7,2020-05-29,D,7
4,2020-05-29,D,1
5,2020-05-29,D,1
7,2020-05-30,D,8
6,2020-05-30,D,1
7,2020-05-31,D,5
4,2020-05-31,D,1
7,2020-06-01,D,8
6,2020-06-01,D,1
7,2020-06-02,D,4
7,2020-06-03,D,7
6,2020-06-03,D,1
7,2020-06-04,D,4
6,2020-06-04,D,2
7,2020-06-05,D,6
5,2020-06-05,D,1
7,2020-06-06,D,5
7,2020-06-07,D,9
5,2020-06-07,D,1
7,2020-06-08,D,7
6,2020-06-08,D,1
7,2020-06-09,D,6
3,2020-06-09,D,1
7,2020-06-10,D,3
6,2020-06-10,D,1
7,2020-06-11,D,6
7,2020-06-12,D,5
5,2020-06-12,D,2
6,2020-06-12,D,1
7,2020-06-13,D,7
7,2020-06-14,D,4
7,2020-06-15,D,15
7,2020-06-16,D,9
6,2020-06-16,D,1
7,2020-06-17,D,4
7,2020-06-18,D,3
6,2020-06-18,D,1
7,2020-06-19,D,3
7,2020-06-20,D,3
7,2020-06-21,D,4
7,2020-06-22,D,7
6,2020-06-22,D,1
7,2020-06-23,D,4
7,2020-06-24,D,4
4,2020-06-24,D,1
5,2020-06-24,D,1
7,2020-06-25,D,3
7,2020-06-26,D,5
6,2020-06-26,D,1
7,2020-06-27,D,3
7,2020-06-28,D,3
5,2020-06-28,D,1
7,2020-06-29,D,2
7,2020-06-30,D,3
7,2020-07-01,D,3
7,2020-07-02,D,2
7,2020-07-04,D,3
7,2020-07-05,D,4
7,2020-07-06,D,2
2,2020-07-06,D,1
7,2020-07-07,D,3
7,2020-07-08,D,3
7,2020-07-09,D,2
7,2020-07-10,D,3
7,2020-07-11,D,4
3,2020-07-11,D,1
6,2020-07-11,D,1
7,2020-07-12,D,7
6,2020-07-12,D,1
4,2020-07-13,D,1
7,2020-07-14,D,3
3,2020-07-14,D,1
6,2020-07-14,D,1
7,2020-07-15,D,3
3,2020-07-15,D,1
4,2020-07-15,D,1
7,2020-07-16,D,4
5,2020-07-16,D,1
7,2020-07-17,D,6
7,2020-07-18,D,8
7,2020-07-19,D,4
4,2020-07-20,D,1
7,2020-07-21,D,5
5,2020-07-21,D,1
6,2020-07-21,D,1
7,2020-07-23,D,11
5,2020-07-23,D,1
7,2020-07-24,D,7
3,2020-07-24,D,1
6,2020-07-24,D,1
7,2020-07-25,D,7
7,2020-07-26,D,9
5,2020-07-26,D,1
7,2020-07-27,D,3
6,2020-07-27,D,1
7,2020-07-28,D,5
6,2020-07-28,D,1
7,2020-07-29,D,3
5,2020-07-29,D,1
6,2020-07-29,D,1
7,2020-07-30,D,2
4,2020-07-30,D,1
5,2020-07-30,D,1
6,2020-07-30,D,1
7,2020-07-31,D,6
7,2020-08-01,D,6
5,2020-08-01,D,1
7,2020-08-02,D,8
5,2020-08-02,D,1
6,2020-08-02,D,1
7,2020-08-03,D,6
6,2020-08-03,D,2
5,2020-08-03,D,1
7,2020-08-04,D,5
6,2020-08-04,D,1
7,2020-08-05,D,6
5,2020-08-05,D,1
7,2020-08-06,D,12
5,2020-08-06,D,1
7,2020-08-07,D,10
4,2020-08-07,D,1
5,2020-08-07,D,1
7,2020-08-08,D,13
6,2020-08-08,D,1
7,2020-08-09,D,2
4,2020-08-09,D,1
7,2020-08-10,D,4
6,2020-08-10,D,1
7,2020-08-11,D,7
5,2020-08-11,D,1
7,2020-08-12,D,7
5,2020-08-12,D,1
7,2020-08-13,D,7
7,2020-08-14,D,10
7,2020-08-15,D,5
7,2020-08-16,D,4
5,2020-08-16,D,1
7,2020-08-17,D,7
7,2020-08-18,D,5
6,2020-08-18,D,2
7,2020-08-19,D,7
7,2020-08-20,D,5
5,2020-08-20,D,1
7,2020-08-21,D,5
6,2020-08-21,D,1
7,2020-08-22,D,3
5,2020-08-22,D,1
7,2020-08-23,D,10
5,2020-08-23,D,1
7,2020-08-24,D,4
7,2020-08-25,D,6
4,2020-08-25,D,1
5,2020-08-25,D,1
7,2020-08-26,D,9
4,2020-08-26,D,1
6,2020-08-26,D,1
7,2020-08-27,D,5
7,2020-08-28,D,9
5,2020-08-28,D,2
7,2020-08-29,D,5
4,2020-08-29,D,1
5,2020-08-29,D,1
7,2020-08-30,D,8
5,2020-08-30,D,1
7,2020-08-31,D,2
5,2020-08-31,D,1
6,2020-08-31,D,1
7,2020-09-01,D,9
4,2020-09-01,D,1
5,2020-09-01,D,1
7,2020-09-02,D,8
5,2020-09-02,D,1
7,2020-09-03,D,6
5,2020-09-03,D,1
7,2020-09-04,D,3
6,2020-09-04,D,1
7,2020-09-05,D,6
7,2020-09-06,D,12
3,2020-09-06,D,1
6,2020-09-06,D,1
7,2020-09-07,D,10
5,2020-09-07,D,1
7,2020-09-08,D,5
6,2020-09-08,D,1
7,2020-09-09,D,13
7,2020-09-10,D,12
4,2020-09-10,D,1
5,2020-09-10,D,1
6,2020-09-10,D,1
7,2020-09-11,D,15
4,2020-09-11,D,1
5,2020-09-11,D,1
7,2020-09-12,D,12
5,2020-09-12,D,1
6,2020-09-12,D,1
7,2020-09-13,D,10
7,2020-09-14,D,5
5,2020-09-14,D,1
7,2020-09-15,D,14
4,2020-09-15,D,1
5,2020-09-15,D,1
7,2020-09-16,D,24
6,2020-09-16,D,1
7,2020-09-17,D,15
5,2020-09-17,D,2
3,2020-09-17,D,1
6,2020-09-17,D,1
7,2020-09-18,D,10
6,2020-09-18,D,2
4,2020-09-18,D,1
7,2020-09-19,D,17
6,2020-09-19,D,3
5,2020-09-19,D,1
7,2020-09-20,D,13
6,2020-09-20,D,4
3,2020-09-20,D,1
4,2020-09-20,D,1
7,2020-09-21,D,16
3,2020-09-21,D,1
4,2020-09-21,D,1
5,2020-09-21,D,1
6,2020-09-21,D,1
7,2020-09-22,D,22
6,2020-09-22,D,4
4,2020-09-22,D,1
5,2020-09-22,D,1
7,2020-09-23,D,27
5,2020-09-23,D,3
4,2020-09-23,D,1
6,2020-09-23,D,1
7,2020-09-24,D,34
6,2020-09-24,D,4
3,2020-09-24,D,1
7,2020-09-25,D,29
6,2020-09-25,D,2
3,2020-09-25,D,1
7,2020-09-26,D,23
6,2020-09-26,D,2
4,2020-09-26,D,1
7,2020-09-27,D,22
5,2020-09-27,D,3
3,2020-09-27,D,1
6,2020-09-27,D,1
7,2020-09-28,D,32
5,2020-09-28,D,5
6,2020-09-28,D,4
4,2020-09-28,D,2
7,2020-09-29,D,44
5,2020-09-29,D,2
6,2020-09-29,D,2
7,2020-09-30,D,28
4,2020-09-30,D,3
6,2020-09-30,D,3
3,2020-09-30,D,1
7,2020-10-01,D,31
5,2020-10-01,D,3
6,2020-10-01,D,3
7,2020-10-02,D,45
6,2020-10-02,D,5
5,2020-10-02,D,3
3,2020-10-02,D,1
4,2020-10-02,D,1
7,2020-10-03,D,43
6,2020-10-03,D,5
5,2020-10-03,D,4
4,2020-10-03,D,1
7,2020-10-04,D,38
5,2020-10-04,D,4
4,2020-10-04,D,1
7,2020-10-05,D,40
6,2020-10-05,D,9
5,2020-10-05,D,5
3,2020-10-05,D,1
7,2020-10-06,D,54
4,2020-10-06,D,3
6,2020-10-06,D,2
5,2020-10-06,D,1
7,2020-10-07,D,57
6,2020-10-07,D,5
5,2020-10-07,D,4
3,2020-10-07,D,1
7,2020-10-08,D,59
5,2020-10-08,D,5
6,2020-10-08,D,3
2,2020-10-08,D,1
4,2020-10-08,D,1
7,2020-10-09,D,69
6,2020-10-09,D,4
4,2020-10-09,D,2
7,2020-10-10,D,66
6,2020-10-10,D,7
4,2020-10-10,D,4
5,2020-10-10,D,4
7,2020-10-11,D,48
6,2020-10-11,D,6
5,2020-10-11,D,5
4,2020-10-11,D,1
7,2020-10-12,D,77
6,2020-10-12,D,5
5,2020-10-12,D,3
4,2020-10-12,D,1
7,2020-10-13,D,76
6,2020-10-13,D,5
5,2020-10-13,D,3
3,2020-10-13,D,2
4,2020-10-13,D,1
7,2020-10-14,D,87
6,2020-10-14,D,5
4,2020-10-14,D,3
5,2020-10-14,D,1
7,2020-10-15,D,91
6,2020-10-15,D,11
5,2020-10-15,D,4
4,2020-10-15,D,1
7,2020-10-16,D,77
6,2020-10-16,D,8
5,2020-10-16,D,6
4,2020-10-16,D,2
7,2020-10-17,D,90
5,2020-10-17,D,6
6,2020-10-17,D,5
4,2020-10-17,D,2
3,2020-10-17,D,1
7,2020-10-18,D,77
6,2020-10-18,D,9
5,2020-10-18,D,4
4,2020-10-18,D,2
3,2020-10-18,D,1
7,2020-10-19,D,92
6,2020-10-19,D,13
5,2020-10-19,D,5
4,2020-10-19,D,4
7,2020-10-20,D,117
4,2020-10-20,D,7
6,2020-10-20,D,5
5,2020-10-20,D,4
3,2020-10-20,D,2
7,2020-10-21,D,107
6,2020-10-21,D,11
5,2020-10-21,D,8
3,2020-10-21,D,1
7,2020-10-22,D,120
6,2020-10-22,D,8
5,2020-10-22,D,5
4,2020-10-22,D,3
3,2020-10-22,D,1
7,2020-10-23,D,117
5,2020-10-23,D,15
6,2020-10-23,D,15
3,2020-10-23,D,1
4,2020-10-23,D,1
7,2020-10-24,D,114
6,2020-10-24,D,14
5,2020-10-24,D,7
4,2020-10-24,D,3
3,2020-10-24,D,1
7,2020-10-25,D,92
6,2020-10-25,D,14
5,2020-10-25,D,13
4,2020-10-25,D,6
2,2020-10-25,D,1
3,2020-10-25,D,1
7,2020-10-26,D,128
6,2020-10-26,D,14
5,2020-10-26,D,12
3,2020-10-26,D,5
4,2020-10-26,D,2
2,2020-10-26,D,1
7,2020-10-27,D,144
5,2020-10-27,D,15
6,2020-10-27,D,10
4,2020-10-27,D,7
3,2020-10-27,D,2
1,2020-10-27,D,1
2,2020-10-27,D,1
7,2020-10-28,D,129
5,2020-10-28,D,15
6,2020-10-28,D,11
4,2020-10-28,D,7
3,2020-10-28,D,3
7,2020-10-29,D,145
5,2020-10-29,D,12
6,2020-10-29,D,11
4,2020-10-29,D,2
7,2020-10-30,D,149
6,2020-10-30,D,14
5,2020-10-30,D,13
3,2020-10-30,D,2
4,2020-10-30,D,2
7,2020-10-31,D,127
6,2020-10-31,D,12
5,2020-10-31,D,10
4,2020-10-31,D,3
3,2020-10-31,D,2
2,2020-10-31,D,1
7,2020-11-01,D,137
6,2020-11-01,D,15
5,2020-11-01,D,7
4,2020-11-01,D,5
3,2020-11-01,D,2
7,2020-11-02,D,140
6,2020-11-02,D,14
5,2020-11-02,D,11
4,2020-11-02,D,6
1,2020-11-02,D,1
7,2020-11-03,D,163
6,2020-11-03,D,12
5,2020-11-03,D,11
4,2020-11-03,D,4
3,2020-11-03,D,2
7,2020-11-04,D,156
6,2020-11-04,D,20
5,2020-11-04,D,12
4,2020-11-04,D,6
3,2020-11-04,D,1
7,2020-11-05,D,163
5,2020-11-05,D,18
6,2020-11-05,D,15
4,2020-11-05,D,3
7,2020-11-06,D,149
5,2020-11-06,D,15
6,2020-11-06,D,15
4,2020-11-06,D,6
2,2020-11-06,D,1
3,2020-11-06,D,1
7,2020-11-07,D,146
6,2020-11-07,D,17
5,2020-11-07,D,16
4,2020-11-07,D,5
3,2020-11-07,D,1
7,2020-11-08,D,133
6,2020-11-08,D,16
5,2020-11-08,D,13
3,2020-11-08,D,1
4,2020-11-08,D,1
7,2020-11-09,D,144
6,2020-11-09,D,20
5,2020-11-09,D,11
3,2020-11-09,D,2
4,2020-11-09,D,2
7,2020-11-10,D,163
5,2020-11-10,D,12
6,2020-11-10,D,11
4,2020-11-10,D,4
3,2020-11-10,D,3
7,2020-11-11,D,138
6,2020-11-11,D,10
4,2020-11-11,D,7
5,2020-11-11,D,7
7,2020-11-12,D,164
5,2020-11-12,D,13
6,2020-11-12,D,9
4,2020-11-12,D,3
3,2020-11-12,D,2
2,2020-11-12,D,1
7,2020-11-13,D,164
5,2020-11-13,D,13
6,2020-11-13,D,12
4,2020-11-13,D,6
3,2020-11-13,D,3
2,2020-11-13,D,1
7,2020-11-14,D,143
5,2020-11-14,D,12
6,2020-11-14,D,7
3,2020-11-14,D,1
4,2020-11-14,D,1
7,2020-11-15,D,130
6,2020-11-15,D,8
5,2020-11-15,D,7
4,2020-11-15,D,4
3,2020-11-15,D,2
7,2020-11-16,D,153
6,2020-11-16,D,14
5,2020-11-16,D,8
4,2020-11-16,D,2
3,2020-11-16,D,1
7,2020-11-17,D,147
6,2020-11-17,D,11
5,2020-11-17,D,6
4,2020-11-17,D,4
2,2020-11-17,D,1
3,2020-11-17,D,1
7,2020-11-18,D,157
6,2020-11-18,D,16
5,2020-11-18,D,13
2,2020-11-18,D,1
4,2020-11-18,D,1
7,2020-11-19,D,141
5,2020-11-19,D,11
6,2020-11-19,D,11
4,2020-11-19,D,6
7,2020-11-20,D,147
5,2020-11-20,D,9
6,2020-11-20,D,9
4,2020-11-20,D,4
2,2020-11-20,D,1
3,2020-11-20,D,1
7,2020-11-21,D,114
5,2020-11-21,D,14
6,2020-11-21,D,6
3,2020-11-21,D,2
4,2020-11-21,D,1
7,2020-11-22,D,98
6,2020-11-22,D,13
5,2020-11-22,D,10
4,2020-11-22,D,2
3,2020-11-22,D,1
7,2020-11-23,D,124
6,2020-11-23,D,13
5,2020-11-23,D,11
4,2020-11-23,D,2
7,2020-11-24,D,130
5,2020-11-24,D,12
4,2020-11-24,D,5
6,2020-11-24,D,5
2,2020-11-24,D,1
7,2020-11-25,D,127
6,2020-11-25,D,10
5,2020-11-25,D,6
4,2020-11-25,D,3
7,2020-11-26,D,131
6,2020-11-26,D,7
5,2020-11-26,D,3
4,2020-11-26,D,2
2,2020-11-26,D,1
7,2020-11-27,D,126
6,2020-11-27,D,7
5,2020-11-27,D,5
4,2020-11-27,D,2
3,2020-11-27,D,1
7,2020-11-28,D,108
6,2020-11-28,D,12
4,2020-11-28,D,5
5,2020-11-28,D,5
3,2020-11-28,D,2
7,2020-11-29,D,85
5,2020-11-29,D,7
6,2020-11-29,D,7
4,2020-11-29,D,4
3,2020-11-29,D,1
7,2020-11-30,D,115
6,2020-11-30,D,14
5,2020-11-30,D,9
4,2020-11-30,D,1
7,2020-12-01,D,127
5,2020-12-01,D,7
6,2020-12-01,D,6
4,2020-12-01,D,3
7,2020-12-02,D,99
6,2020-12-02,D,10
5,2020-12-02,D,6
4,2020-12-02,D,2
2,2020-12-02,D,1
3,2020-12-02,D,1
7,2020-12-03,D,110
6,2020-12-03,D,10
5,2020-12-03,D,7
4,2020-12-03,D,3
3,2020-12-03,D,1
7,2020-12-04,D,114
6,2020-12-04,D,9
5,2020-12-04,D,8
4,2020-12-04,D,2
3,2020-12-04,D,1
7,2020-12-05,D,94
5,2020-12-05,D,9
6,2020-12-05,D,7
7,2020-12-06,D,80
6,2020-12-06,D,5
4,2020-12-06,D,1
5,2020-12-06,D,1
7,2020-12-07,D,108
6,2020-12-07,D,9
5,2020-12-07,D,7
4,2020-12-07,D,4
2,2020-12-07,D,1
7,2020-12-08,D,112
5,2020-12-08,D,8
4,2020-12-08,D,4
6,2020-12-08,D,3
2,2020-12-08,D,1
7,2020-12-09,D,101
5,2020-12-09,D,12
6,2020-12-09,D,7
4,2020-12-09,D,3
7,2020-12-10,D,104
4,2020-12-10,D,4
6,2020-12-10,D,4
5,2020-12-10,D,3
3,2020-12-10,D,1
7,2020-12-11,D,107
5,2020-12-11,D,8
6,2020-12-11,D,7
3,2020-12-11,D,1
7,2020-12-12,D,82
5,2020-12-12,D,12
6,2020-12-12,D,7
4,2020-12-12,D,2
7,2020-12-13,D,84
6,2020-12-13,D,10
5,2020-12-13,D,5
4,2020-12-13,D,3
3,2020-12-13,D,1
7,2020-12-14,D,84
6,2020-12-14,D,9
5,2020-12-14,D,3
4,2020-12-14,D,2
3,2020-12-14,D,1
7,2020-12-15,D,101
5,2020-12-15,D,9
6,2020-12-15,D,9
3,2020-12-15,D,4
7,2020-12-16,D,97
6,2020-12-16,D,9
5,2020-12-16,D,8
3,2020-12-16,D,2
7,2020-12-17,D,90
5,2020-12-17,D,8
6,2020-12-17,D,6
4,2020-12-17,D,3
7,2020-12-18,D,100
6,2020-12-18,D,12
5,2020-12-18,D,7
4,2020-12-18,D,3
3,2020-12-18,D,1
7,2020-12-19,D,78
5,2020-12-19,D,4
4,2020-12-19,D,3
6,2020-12-19,D,3
7,2020-12-20,D,73
5,2020-12-20,D,5
6,2020-12-20,D,4
4,2020-12-20,D,2
3,2020-12-20,D,1
7,2020-12-21,D,81
6,2020-12-21,D,12
5,2020-12-21,D,5
3,2020-12-21,D,1
4,2020-12-21,D,1
7,2020-12-22,D,97
6,2020-12-22,D,7
5,2020-12-22,D,3
4,2020-12-22,D,2
3,2020-12-22,D,1
7,2020-12-23,D,97
6,2020-12-23,D,7
5,2020-12-23,D,5
4,2020-12-23,D,3
7,2020-12-24,D,69
6,2020-12-24,D,6
4,2020-12-24,D,5
5,2020-12-24,D,3
7,2020-12-25,D,79
4,2020-12-25,D,3
6,2020-12-25,D,3
5,2020-12-25,D,1
7,2020-12-26,D,75
5,2020-12-26,D,6
6,2020-12-26,D,2
7,2020-12-27,D,80
5,2020-12-27,D,6
6,2020-12-27,D,6
4,2020-12-27,D,1
7,2020-12-28,D,85
6,2020-12-28,D,8
5,2020-12-28,D,6
7,2020-12-29,D,88
5,2020-12-29,D,4
6,2020-12-29,D,4
4,2020-12-29,D,1
7,2020-12-30,D,95
6,2020-12-30,D,6
5,2020-12-30,D,5
3,2020-12-30,D,2
4,2020-12-30,D,1
7,2020-12-31,D,80
6,2020-12-31,D,9
5,2020-12-31,D,3
3,2020-12-31,D,2
7,2021-01-01,D,65
5,2021-01-01,D,5
6,2021-01-01,D,4
7,2021-01-02,D,61
4,2021-01-02,D,4
6,2021-01-02,D,4
5,2021-01-02,D,2
7,2021-01-03,D,59
4,2021-01-03,D,3
6,2021-01-03,D,3
5,2021-01-03,D,1
7,2021-01-04,D,76
5,2021-01-04,D,6
6,2021-01-04,D,6
4,2021-01-04,D,2
3,2021-01-04,D,1
7,2021-01-05,D,76
4,2021-01-05,D,3
6,2021-01-05,D,3
5,2021-01-05,D,2
7,2021-01-06,D,51
5,2021-01-06,D,5
6,2021-01-06,D,2
4,2021-01-06,D,1
7,2021-01-07,D,69
5,2021-01-07,D,3
3,2021-01-07,D,2
2,2021-01-07,D,1
6,2021-01-07,D,1
7,2021-01-08,D,52
6,2021-01-08,D,5
5,2021-01-08,D,4
3,2021-01-08,D,2
4,2021-01-08,D,1
7,2021-01-09,D,37
6,2021-01-09,D,3
5,2021-01-09,D,1
7,2021-01-10,D,26
6,2021-01-10,D,2
7,2021-01-11,D,45
5,2021-01-11,D,2
6,2021-01-11,D,1
7,2021-01-12,D,26
5,2021-01-12,D,1
6,2021-01-12,D,1
7,2021-01-13,D,20
6,2021-01-13,D,3
7,2021-01-14,D,16
4,2021-01-14,D,1
5,2021-01-14,D,1
6,2021-01-14,D,1
7,2021-01-15,D,10
7,2021-01-16,D,7
5,2021-01-16,D,1
6,2021-01-16,D,1
7,2021-01-17,D,4
6,2021-01-17,D,1
7,2021-01-18,D,2
7,2020-03-01,H,1
5,2020-03-02,H,1
7,2020-03-02,H,1
4,2020-03-03,H,1
7,2020-03-03,H,1
7,2020-03-04,H,3
5,2020-03-04,H,2
2,2020-03-05,H,1
7,2020-03-05,H,1
7,2020-03-06,H,3
5,2020-03-06,H,2
2,2020-03-06,H,1
3,2020-03-07,H,1
7,2020-03-07,H,1
6,2020-03-08,H,1
5,2020-03-09,H,2
7,2020-03-09,H,2
6,2020-03-09,H,1
5,2020-03-10,H,3
2,2020-03-10,H,2
3,2020-03-10,H,2
6,2020-03-10,H,2
7,2020-03-10,H,1
2,2020-03-11,H,3
1,2020-03-11,H,1
3,2020-03-11,H,1
5,2020-03-11,H,1
7,2020-03-11,H,1
2,2020-03-12,H,2
7,2020-03-12,H,2
3,2020-03-12,H,1
4,2020-03-12,H,1
5,2020-03-12,H,1
7,2020-03-13,H,4
3,2020-03-13,H,3
1,2020-03-13,H,2
2,2020-03-13,H,2
5,2020-03-13,H,2
4,2020-03-13,H,1
5,2020-03-14,H,4
7,2020-03-14,H,4
4,2020-03-14,H,3
6,2020-03-14,H,2
1,2020-03-14,H,1
2,2020-03-14,H,1
4,2020-03-15,H,4
2,2020-03-15,H,3
7,2020-03-15,H,2
3,2020-03-15,H,1
7,2020-03-16,H,3
4,2020-03-16,H,2
3,2020-03-16,H,1
5,2020-03-16,H,1
6,2020-03-16,H,1
3,2020-03-17,H,8
5,2020-03-17,H,5
7,2020-03-17,H,5
4,2020-03-17,H,4
2,2020-03-17,H,3
6,2020-03-17,H,3
1,2020-03-17,H,1
5,2020-03-18,H,7
3,2020-03-18,H,5
7,2020-03-18,H,5
4,2020-03-18,H,3
2,2020-03-18,H,2
1,2020-03-18,H,1
7,2020-03-19,H,8
4,2020-03-19,H,7
5,2020-03-19,H,5
3,2020-03-19,H,4
2,2020-03-19,H,3
6,2020-03-19,H,1
7,2020-03-20,H,13
5,2020-03-20,H,6
4,2020-03-20,H,5
2,2020-03-20,H,4
6,2020-03-20,H,3
3,2020-03-20,H,2
1,2020-03-20,H,1
3,2020-03-21,H,5
7,2020-03-21,H,5
4,2020-03-21,H,4
1,2020-03-21,H,2
2,2020-03-21,H,2
5,2020-03-21,H,2
6,2020-03-21,H,1
7,2020-03-22,H,11
3,2020-03-22,H,6
5,2020-03-22,H,6
4,2020-03-22,H,2
6,2020-03-22,H,1
7,2020-03-23,H,13
4,2020-03-23,H,7
5,2020-03-23,H,7
3,2020-03-23,H,6
6,2020-03-23,H,6
2,2020-03-23,H,3
1,2020-03-23,H,1
7,2020-03-24,H,17
4,2020-03-24,H,5
5,2020-03-24,H,4
2,2020-03-24,H,3
6,2020-03-24,H,3
3,2020-03-24,H,2
1,2020-03-24,H,1
7,2020-03-25,H,23
3,2020-03-25,H,8
4,2020-03-25,H,8
6,2020-03-25,H,5
5,2020-03-25,H,4
1,2020-03-25,H,2
2,2020-03-25,H,2
7,2020-03-26,H,19
4,2020-03-26,H,10
5,2020-03-26,H,9
2,2020-03-26,H,6
3,2020-03-26,H,3
6,2020-03-26,H,3
1,2020-03-26,H,2
7,2020-03-27,H,20
4,2020-03-27,H,9
5,2020-03-27,H,7
6,2020-03-27,H,7
3,2020-03-27,H,6
1,2020-03-27,H,3
2,2020-03-27,H,2
7,2020-03-28,H,23
4,2020-03-28,H,9
5,2020-03-28,H,9
6,2020-03-28,H,8
2,2020-03-28,H,4
3,2020-03-28,H,3
1,2020-03-28,H,1
7,2020-03-29,H,17
4,2020-03-29,H,8
5,2020-03-29,H,8
3,2020-03-29,H,5
6,2020-03-29,H,4
2,2020-03-29,H,2
1,2020-03-29,H,1
7,2020-03-30,H,22
5,2020-03-30,H,10
3,2020-03-30,H,9
4,2020-03-30,H,9
6,2020-03-30,H,7
1,2020-03-30,H,3
2,2020-03-30,H,2
7,2020-03-31,H,39
5,2020-03-31,H,15
4,2020-03-31,H,7
6,2020-03-31,H,7
2,2020-03-31,H,6
3,2020-03-31,H,3
1,2020-03-31,H,2
7,2020-04-01,H,38
6,2020-04-01,H,9
4,2020-04-01,H,8
5,2020-04-01,H,8
3,2020-04-01,H,5
1,2020-04-01,H,3
2,2020-04-01,H,3
7,2020-04-02,H,37
5,2020-04-02,H,8
6,2020-04-02,H,7
3,2020-04-02,H,6
1,2020-04-02,H,5
4,2020-04-02,H,4
2,2020-04-02,H,2
7,2020-04-03,H,22
4,2020-04-03,H,15
5,2020-04-03,H,15
6,2020-04-03,H,8
3,2020-04-03,H,6
2,2020-04-03,H,3
1,2020-04-03,H,1
7,2020-04-04,H,28
5,2020-04-04,H,10
6,2020-04-04,H,6
3,2020-04-04,H,5
4,2020-04-04,H,4
1,2020-04-04,H,1
2,2020-04-04,H,1
7,2020-04-05,H,24
4,2020-04-05,H,8
5,2020-04-05,H,4
6,2020-04-05,H,3
2,2020-04-05,H,2
3,2020-04-05,H,2
1,2020-04-05,H,1
7,2020-04-06,H,27
3,2020-04-06,H,9
5,2020-04-06,H,7
4,2020-04-06,H,6
2,2020-04-06,H,4
6,2020-04-06,H,2
1,2020-04-06,H,1
7,2020-04-07,H,20
4,2020-04-07,H,14
3,2020-04-07,H,6
6,2020-04-07,H,6
5,2020-04-07,H,4
1,2020-04-07,H,3
2,2020-04-07,H,2
7,2020-04-08,H,36
5,2020-04-08,H,11
4,2020-04-08,H,7
3,2020-04-08,H,6
2,2020-04-08,H,5
1,2020-04-08,H,4
6,2020-04-08,H,4
7,2020-04-09,H,20
5,2020-04-09,H,16
3,2020-04-09,H,6
4,2020-04-09,H,5
1,2020-04-09,H,4
6,2020-04-09,H,4
2,2020-04-09,H,1
7,2020-04-10,H,25
3,2020-04-10,H,12
5,2020-04-10,H,6
6,2020-04-10,H,6
4,2020-04-10,H,5
2,2020-04-10,H,4
1,2020-04-10,H,3
7,2020-04-11,H,16
1,2020-04-11,H,7
5,2020-04-11,H,7
6,2020-04-11,H,5
3,2020-04-11,H,4
4,2020-04-11,H,3
2,2020-04-11,H,2
7,2020-04-12,H,23
3,2020-04-12,H,5
5,2020-04-12,H,5
6,2020-04-12,H,3
2,2020-04-12,H,2
4,2020-04-12,H,2
7,2020-04-13,H,18
3,2020-04-13,H,6
4,2020-04-13,H,5
5,2020-04-13,H,3
1,2020-04-13,H,1
6,2020-04-13,H,1
7,2020-04-14,H,19
5,2020-04-14,H,9
6,2020-04-14,H,7
1,2020-04-14,H,5
4,2020-04-14,H,5
2,2020-04-14,H,4
3,2020-04-14,H,3
7,2020-04-15,H,33
4,2020-04-15,H,11
2,2020-04-15,H,7
5,2020-04-15,H,6
6,2020-04-15,H,6
3,2020-04-15,H,4
1,2020-04-15,H,2
7,2020-04-16,H,21
2,2020-04-16,H,6
3,2020-04-16,H,5
6,2020-04-16,H,5
4,2020-04-16,H,4
5,2020-04-16,H,4
1,2020-04-16,H,3
7,2020-04-17,H,25
5,2020-04-17,H,9
4,2020-04-17,H,8
3,2020-04-17,H,7
1,2020-04-17,H,6
6,2020-04-17,H,6
2,2020-04-17,H,3
7,2020-04-18,H,38
5,2020-04-18,H,5
4,2020-04-18,H,4
3,2020-04-18,H,3
1,2020-04-18,H,2
2,2020-04-18,H,2
6,2020-04-18,H,2
7,2020-04-19,H,12
5,2020-04-19,H,7
1,2020-04-19,H,6
4,2020-04-19,H,5
3,2020-04-19,H,4
2,2020-04-19,H,3
6,2020-04-19,H,2
7,2020-04-20,H,27
5,2020-04-20,H,9
6,2020-04-20,H,9
1,2020-04-20,H,2
2,2020-04-20,H,2
3,2020-04-20,H,2
4,2020-04-20,H,2
7,2020-04-21,H,18
4,2020-04-21,H,6
5,2020-04-21,H,6
2,2020-04-21,H,4
3,2020-04-21,H,4
6,2020-04-21,H,2
1,2020-04-21,H,1
7,2020-04-22,H,27
3,2020-04-22,H,4
4,2020-04-22,H,4
5,2020-04-22,H,4
6,2020-04-22,H,4
1,2020-04-22,H,3
2,2020-04-22,H,3
7,2020-04-23,H,22
5,2020-04-23,H,7
3,2020-04-23,H,3
6,2020-04-23,H,2
4,2020-04-23,H,1
7,2020-04-24,H,35
3,2020-04-24,H,5
5,2020-04-24,H,5
2,2020-04-24,H,4
4,2020-04-24,H,3
1,2020-04-24,H,2
6,2020-04-24,H,1
7,2020-04-25,H,15
5,2020-04-25,H,6
6,2020-04-25,H,4
4,2020-04-25,H,3
1,2020-04-25,H,2
2,2020-04-25,H,2
3,2020-04-25,H,1
7,2020-04-26,H,15
4,2020-04-26,H,2
1,2020-04-26,H,1
2,2020-04-26,H,1
3,2020-04-26,H,1
5,2020-04-26,H,1
7,2020-04-27,H,21
5,2020-04-27,H,7
3,2020-04-27,H,5
4,2020-04-27,H,3
1,2020-04-27,H,1
2,2020-04-27,H,1
6,2020-04-27,H,1
7,2020-04-28,H,18
5,2020-04-28,H,8
3,2020-04-28,H,6
6,2020-04-28,H,5
1,2020-04-28,H,4
4,2020-04-28,H,4
2,2020-04-28,H,3
7,2020-04-29,H,12
5,2020-04-29,H,6
4,2020-04-29,H,4
2,2020-04-29,H,3
3,2020-04-29,H,2
6,2020-04-29,H,2
7,2020-04-30,H,10
1,2020-04-30,H,5
5,2020-04-30,H,5
2,2020-04-30,H,4
4,2020-04-30,H,4
6,2020-04-30,H,3
3,2020-04-30,H,2
7,2020-05-01,H,22
2,2020-05-01,H,3
5,2020-05-01,H,3
3,2020-05-01,H,2
4,2020-05-01,H,2
1,2020-05-01,H,1
7,2020-05-02,H,11
5,2020-05-02,H,6
4,2020-05-02,H,4
3,2020-05-02,H,2
6,2020-05-02,H,2
1,2020-05-02,H,1
7,2020-05-03,H,14
2,2020-05-03,H,4
4,2020-05-03,H,4
3,2020-05-03,H,3
5,2020-05-03,H,3
1,2020-05-03,H,1
6,2020-05-03,H,1
7,2020-05-04,H,10
5,2020-05-04,H,6
2,2020-05-04,H,5
4,2020-05-04,H,5
3,2020-05-04,H,4
6,2020-05-04,H,4
1,2020-05-04,H,3
7,2020-05-05,H,19
4,2020-05-05,H,6
1,2020-05-05,H,4
2,2020-05-05,H,3
5,2020-05-05,H,3
6,2020-05-05,H,2
3,2020-05-05,H,1
7,2020-05-06,H,20
4,2020-05-06,H,8
5,2020-05-06,H,7
3,2020-05-06,H,5
1,2020-05-06,H,4
6,2020-05-06,H,2
2,2020-05-06,H,1
7,2020-05-07,H,18
3,2020-05-07,H,5
4,2020-05-07,H,4
6,2020-05-07,H,4
5,2020-05-07,H,3
1,2020-05-07,H,2
7,2020-05-08,H,18
1,2020-05-08,H,4
3,2020-05-08,H,3
4,2020-05-08,H,2
5,2020-05-08,H,2
6,2020-05-08,H,2
2,2020-05-08,H,1
7,2020-05-09,H,10
3,2020-05-09,H,5
1,2020-05-09,H,2
4,2020-05-09,H,2
5,2020-05-09,H,2
6,2020-05-09,H,1
7,2020-05-10,H,11
5,2020-05-10,H,6
3,2020-05-10,H,3
1,2020-05-10,H,2
2,2020-05-10,H,2
4,2020-05-10,H,2
6,2020-05-10,H,1
7,2020-05-11,H,16
6,2020-05-11,H,4
4,2020-05-11,H,3
5,2020-05-11,H,3
1,2020-05-11,H,2
3,2020-05-11,H,1
7,2020-05-12,H,6
1,2020-05-12,H,3
2,2020-05-12,H,2
4,2020-05-12,H,2
5,2020-05-12,H,2
7,2020-05-13,H,4
1,2020-05-13,H,3
5,2020-05-13,H,3
4,2020-05-13,H,2
6,2020-05-13,H,2
3,2020-05-13,H,1
7,2020-05-14,H,13
3,2020-05-14,H,3
4,2020-05-14,H,2
1,2020-05-14,H,1
5,2020-05-14,H,1
7,2020-05-15,H,8
1,2020-05-15,H,2
4,2020-05-15,H,2
5,2020-05-15,H,2
2,2020-05-15,H,1
6,2020-05-15,H,1
4,2020-05-16,H,3
7,2020-05-16,H,3
5,2020-05-16,H,2
3,2020-05-16,H,1
6,2020-05-16,H,1
7,2020-05-17,H,9
5,2020-05-17,H,2
2,2020-05-17,H,1
3,2020-05-17,H,1
6,2020-05-17,H,1
7,2020-05-18,H,6
3,2020-05-18,H,4
5,2020-05-18,H,4
6,2020-05-18,H,4
1,2020-05-18,H,2
2,2020-05-18,H,1
7,2020-05-19,H,10
5,2020-05-19,H,5
1,2020-05-19,H,2
4,2020-05-19,H,2
6,2020-05-19,H,2
3,2020-05-19,H,1
7,2020-05-20,H,12
4,2020-05-20,H,6
5,2020-05-20,H,4
1,2020-05-20,H,3
6,2020-05-20,H,3
2,2020-05-20,H,1
3,2020-05-20,H,1
7,2020-05-21,H,16
4,2020-05-21,H,8
1,2020-05-21,H,6
3,2020-05-21,H,5
5,2020-05-21,H,5
2,2020-05-21,H,4
6,2020-05-21,H,1
7,2020-05-22,H,19
5,2020-05-22,H,8
3,2020-05-22,H,6
4,2020-05-22,H,5
1,2020-05-22,H,4
2,2020-05-22,H,2
7,2020-05-23,H,20
5,2020-05-23,H,5
1,2020-05-23,H,4
4,2020-05-23,H,4
2,2020-05-23,H,3
3,2020-05-23,H,3
6,2020-05-23,H,3
7,2020-05-24,H,6
5,2020-05-24,H,4
6,2020-05-24,H,3
1,2020-05-24,H,2
3,2020-05-24,H,2
3,2020-05-25,H,9
4,2020-05-25,H,9
7,2020-05-25,H,6
2,2020-05-25,H,4
1,2020-05-25,H,3
6,2020-05-25,H,3
5,2020-05-25,H,2
7,2020-05-26,H,14
4,2020-05-26,H,8
3,2020-05-26,H,7
1,2020-05-26,H,4
2,2020-05-26,H,4
5,2020-05-26,H,3
6,2020-05-26,H,3
7,2020-05-27,H,14
4,2020-05-27,H,8
3,2020-05-27,H,7
5,2020-05-27,H,5
1,2020-05-27,H,4
2,2020-05-27,H,2
6,2020-05-27,H,2
7,2020-05-28,H,15
4,2020-05-28,H,6
5,2020-05-28,H,3
6,2020-05-28,H,3
3,2020-05-28,H,2
2,2020-05-28,H,1
7,2020-05-29,H,19
1,2020-05-29,H,8
4,2020-05-29,H,8
5,2020-05-29,H,8
6,2020-05-29,H,7
3,2020-05-29,H,5
2,2020-05-29,H,3
7,2020-05-30,H,10
3,2020-05-30,H,4
4,2020-05-30,H,3
6,2020-05-30,H,3
2,2020-05-30,H,2
5,2020-05-30,H,2
1,2020-05-30,H,1
7,2020-05-31,H,9
1,2020-05-31,H,5
4,2020-05-31,H,5
2,2020-05-31,H,3
5,2020-05-31,H,3
3,2020-05-31,H,2
6,2020-05-31,H,2
7,2020-06-01,H,16
4,2020-06-01,H,7
5,2020-06-01,H,5
6,2020-06-01,H,4
1,2020-06-01,H,2
2,2020-06-01,H,1
3,2020-06-01,H,1
7,2020-06-02,H,18
4,2020-06-02,H,8
2,2020-06-02,H,5
3,2020-06-02,H,5
5,2020-06-02,H,5
6,2020-06-02,H,3
1,2020-06-02,H,2
7,2020-06-03,H,18
5,2020-06-03,H,8
4,2020-06-03,H,7
2,2020-06-03,H,4
3,2020-06-03,H,4
6,2020-06-03,H,4
1,2020-06-03,H,2
7,2020-06-04,H,10
4,2020-06-04,H,6
3,2020-06-04,H,5
2,2020-06-04,H,4
5,2020-06-04,H,4
6,2020-06-04,H,4
1,2020-06-04,H,2
7,2020-06-05,H,14
6,2020-06-05,H,4
1,2020-06-05,H,3
4,2020-06-05,H,3
5,2020-06-05,H,3
3,2020-06-05,H,2
7,2020-06-06,H,9
4,2020-06-06,H,5
1,2020-06-06,H,4
5,2020-06-06,H,4
3,2020-06-06,H,3
2,2020-06-06,H,1
7,2020-06-07,H,11
3,2020-06-07,H,8
4,2020-06-07,H,7
5,2020-06-07,H,4
2,2020-06-07,H,3
1,2020-06-07,H,2
6,2020-06-07,H,2
7,2020-06-08,H,16
5,2020-06-08,H,6
6,2020-06-08,H,6
4,2020-06-08,H,4
2,2020-06-08,H,3
1,2020-06-08,H,2
3,2020-06-08,H,1
7,2020-06-09,H,19
4,2020-06-09,H,13
1,2020-06-09,H,9
6,2020-06-09,H,5
2,2020-06-09,H,4
3,2020-06-09,H,3
5,2020-06-09,H,2
7,2020-06-10,H,12
4,2020-06-10,H,9
2,2020-06-10,H,5
5,2020-06-10,H,5
1,2020-06-10,H,4
3,2020-06-10,H,4
6,2020-06-10,H,4
7,2020-06-11,H,11
2,2020-06-11,H,5
5,2020-06-11,H,5
1,2020-06-11,H,3
3,2020-06-11,H,3
4,2020-06-11,H,3
6,2020-06-11,H,2
7,2020-06-12,H,18
5,2020-06-12,H,12
1,2020-06-12,H,7
4,2020-06-12,H,7
3,2020-06-12,H,6
6,2020-06-12,H,6
2,2020-06-12,H,3
7,2020-06-13,H,21
3,2020-06-13,H,5
5,2020-06-13,H,5
6,2020-06-13,H,4
1,2020-06-13,H,3
4,2020-06-13,H,3
7,2020-06-14,H,14
4,2020-06-14,H,9
3,2020-06-14,H,4
6,2020-06-14,H,4
1,2020-06-14,H,3
2,2020-06-14,H,2
5,2020-06-14,H,2
7,2020-06-15,H,25
3,2020-06-15,H,11
1,2020-06-15,H,9
4,2020-06-15,H,8
5,2020-06-15,H,7
6,2020-06-15,H,5
2,2020-06-15,H,3
7,2020-06-16,H,20
5,2020-06-16,H,10
1,2020-06-16,H,7
3,2020-06-16,H,4
2,2020-06-16,H,3
4,2020-06-16,H,3
6,2020-06-16,H,1
7,2020-06-17,H,14
3,2020-06-17,H,9
4,2020-06-17,H,5
1,2020-06-17,H,4
5,2020-06-17,H,3
6,2020-06-17,H,3
2,2020-06-17,H,2
7,2020-06-18,H,20
5,2020-06-18,H,11
3,2020-06-18,H,10
1,2020-06-18,H,5
4,2020-06-18,H,5
2,2020-06-18,H,3
6,2020-06-18,H,2
3,2020-06-19,H,10
7,2020-06-19,H,8
5,2020-06-19,H,7
4,2020-06-19,H,5
6,2020-06-19,H,5
1,2020-06-19,H,4
2,2020-06-19,H,1
5,2020-06-20,H,8
7,2020-06-20,H,7
3,2020-06-20,H,3
4,2020-06-20,H,3
2,2020-06-20,H,2
6,2020-06-20,H,2
1,2020-06-20,H,1
7,2020-06-21,H,9
5,2020-06-21,H,4
2,2020-06-21,H,3
1,2020-06-21,H,2
3,2020-06-21,H,2
6,2020-06-21,H,2
4,2020-06-21,H,1
7,2020-06-22,H,18
5,2020-06-22,H,5
4,2020-06-22,H,4
3,2020-06-22,H,3
6,2020-06-22,H,3
2,2020-06-22,H,1
7,2020-06-23,H,13
3,2020-06-23,H,7
4,2020-06-23,H,5
1,2020-06-23,H,3
5,2020-06-23,H,3
2,2020-06-23,H,2
7,2020-06-24,H,14
3,2020-06-24,H,10
4,2020-06-24,H,8
5,2020-06-24,H,5
2,2020-06-24,H,4
1,2020-06-24,H,3
6,2020-06-24,H,3
7,2020-06-25,H,8
5,2020-06-25,H,7
3,2020-06-25,H,5
4,2020-06-25,H,4
1,2020-06-25,H,3
2,2020-06-25,H,2
6,2020-06-25,H,1
7,2020-06-26,H,13
1,2020-06-26,H,5
3,2020-06-26,H,5
5,2020-06-26,H,2
6,2020-06-26,H,2
2,2020-06-26,H,1
4,2020-06-26,H,1
7,2020-06-27,H,10
3,2020-06-27,H,3
4,2020-06-27,H,3
5,2020-06-27,H,3
1,2020-06-27,H,1
2,2020-06-27,H,1
7,2020-06-28,H,10
3,2020-06-28,H,5
1,2020-06-28,H,4
4,2020-06-28,H,4
5,2020-06-28,H,3
2,2020-06-28,H,2
6,2020-06-28,H,2
7,2020-06-29,H,12
3,2020-06-29,H,11
5,2020-06-29,H,6
1,2020-06-29,H,4
4,2020-06-29,H,4
2,2020-06-29,H,3
6,2020-06-29,H,3
7,2020-06-30,H,14
5,2020-06-30,H,7
4,2020-06-30,H,5
3,2020-06-30,H,4
6,2020-06-30,H,3
2,2020-06-30,H,2
1,2020-06-30,H,1
7,2020-07-01,H,10
4,2020-07-01,H,9
3,2020-07-01,H,6
5,2020-07-01,H,6
2,2020-07-01,H,5
1,2020-07-01,H,1
6,2020-07-01,H,1
3,2020-07-02,H,8
7,2020-07-02,H,7
5,2020-07-02,H,6
4,2020-07-02,H,5
1,2020-07-02,H,2
2,2020-07-02,H,2
6,2020-07-02,H,2
7,2020-07-03,H,8
5,2020-07-03,H,5
1,2020-07-03,H,3
2,2020-07-03,H,2
3,2020-07-03,H,2
4,2020-07-03,H,2
6,2020-07-03,H,2
7,2020-07-04,H,15
5,2020-07-04,H,6
2,2020-07-04,H,3
1,2020-07-04,H,1
4,2020-07-04,H,1
6,2020-07-04,H,1
7,2020-07-05,H,7
4,2020-07-05,H,4
1,2020-07-05,H,3
2,2020-07-05,H,3
3,2020-07-05,H,3
5,2020-07-05,H,3
6,2020-07-05,H,2
3,2020-07-06,H,7
4,2020-07-06,H,6
7,2020-07-06,H,6
2,2020-07-06,H,4
5,2020-07-06,H,4
1,2020-07-06,H,3
6,2020-07-06,H,3
7,2020-07-07,H,15
4,2020-07-07,H,7
2,2020-07-07,H,6
5,2020-07-07,H,6
3,2020-07-07,H,5
6,2020-07-07,H,2
7,2020-07-08,H,9
3,2020-07-08,H,3
5,2020-07-08,H,3
2,2020-07-08,H,2
4,2020-07-08,H,2
6,2020-07-08,H,2
1,2020-07-08,H,1
5,2020-07-09,H,8
7,2020-07-09,H,8
3,2020-07-09,H,7
2,2020-07-09,H,5
4,2020-07-09,H,5
1,2020-07-09,H,3
6,2020-07-09,H,2
7,2020-07-10,H,15
4,2020-07-10,H,10
3,2020-07-10,H,7
1,2020-07-10,H,4
5,2020-07-10,H,3
6,2020-07-10,H,3
7,2020-07-11,H,7
3,2020-07-11,H,6
5,2020-07-11,H,6
1,2020-07-11,H,2
4,2020-07-11,H,2
6,2020-07-11,H,2
2,2020-07-11,H,1
7,2020-07-12,H,10
4,2020-07-12,H,3
5,2020-07-12,H,3
6,2020-07-12,H,2
1,2020-07-12,H,1
2,2020-07-12,H,1
3,2020-07-12,H,1
3,2020-07-13,H,16
4,2020-07-13,H,7
7,2020-07-13,H,7
2,2020-07-13,H,4
5,2020-07-13,H,4
6,2020-07-13,H,3
1,2020-07-13,H,2
7,2020-07-14,H,12
4,2020-07-14,H,8
3,2020-07-14,H,5
2,2020-07-14,H,4
5,2020-07-14,H,4
1,2020-07-14,H,3
6,2020-07-14,H,3
7,2020-07-15,H,17
4,2020-07-15,H,10
3,2020-07-15,H,9
5,2020-07-15,H,7
2,2020-07-15,H,6
1,2020-07-15,H,5
6,2020-07-15,H,1
3,2020-07-16,H,14
7,2020-07-16,H,11
4,2020-07-16,H,8
5,2020-07-16,H,5
2,2020-07-16,H,4
1,2020-07-16,H,2
6,2020-07-16,H,2
7,2020-07-17,H,14
3,2020-07-17,H,13
1,2020-07-17,H,6
2,2020-07-17,H,5
4,2020-07-17,H,4
5,2020-07-17,H,4
6,2020-07-17,H,3
7,2020-07-18,H,19
5,2020-07-18,H,7
4,2020-07-18,H,6
1,2020-07-18,H,5
3,2020-07-18,H,5
2,2020-07-18,H,4
6,2020-07-18,H,2
7,2020-07-19,H,14
5,2020-07-19,H,11
4,2020-07-19,H,6
3,2020-07-19,H,4
6,2020-07-19,H,2
2,2020-07-19,H,1
7,2020-07-20,H,11
2,2020-07-20,H,6
5,2020-07-20,H,6
4,2020-07-20,H,4
1,2020-07-20,H,2
3,2020-07-20,H,2
6,2020-07-20,H,2
7,2020-07-21,H,12
2,2020-07-21,H,9
4,2020-07-21,H,9
5,2020-07-21,H,9
3,2020-07-21,H,8
1,2020-07-21,H,6
6,2020-07-21,H,4
4,2020-07-22,H,10
7,2020-07-22,H,10
2,2020-07-22,H,6
6,2020-07-22,H,6
1,2020-07-22,H,5
3,2020-07-22,H,5
5,2020-07-22,H,5
7,2020-07-23,H,20
2,2020-07-23,H,9
3,2020-07-23,H,9
5,2020-07-23,H,9
4,2020-07-23,H,7
1,2020-07-23,H,6
6,2020-07-23,H,3
7,2020-07-24,H,19
1,2020-07-24,H,15
3,2020-07-24,H,9
4,2020-07-24,H,8
2,2020-07-24,H,6
6,2020-07-24,H,4
5,2020-07-24,H,2
7,2020-07-25,H,20
3,2020-07-25,H,5
4,2020-07-25,H,5
5,2020-07-25,H,4
2,2020-07-25,H,3
6,2020-07-25,H,3
1,2020-07-25,H,1
7,2020-07-26,H,17
5,2020-07-26,H,7
4,2020-07-26,H,6
2,2020-07-26,H,5
6,2020-07-26,H,4
7,2020-07-27,H,16
3,2020-07-27,H,11
4,2020-07-27,H,9
6,2020-07-27,H,8
1,2020-07-27,H,7
5,2020-07-27,H,6
2,2020-07-27,H,5
7,2020-07-28,H,17
3,2020-07-28,H,13
1,2020-07-28,H,11
4,2020-07-28,H,8
5,2020-07-28,H,7
2,2020-07-28,H,6
6,2020-07-28,H,6
7,2020-07-29,H,23
3,2020-07-29,H,13
2,2020-07-29,H,12
4,2020-07-29,H,10
5,2020-07-29,H,9
1,2020-07-29,H,6
6,2020-07-29,H,5
7,2020-07-30,H,25
3,2020-07-30,H,12
4,2020-07-30,H,12
1,2020-07-30,H,9
5,2020-07-30,H,7
2,2020-07-30,H,6
6,2020-07-30,H,5
7,2020-07-31,H,18
4,2020-07-31,H,11
3,2020-07-31,H,10
5,2020-07-31,H,7
1,2020-07-31,H,4
2,2020-07-31,H,4
6,2020-07-31,H,2
7,2020-08-01,H,23
3,2020-08-01,H,8
2,2020-08-01,H,5
4,2020-08-01,H,5
5,2020-08-01,H,4
6,2020-08-01,H,4
1,2020-08-01,H,2
7,2020-08-02,H,21
3,2020-08-02,H,7
4,2020-08-02,H,4
1,2020-08-02,H,3
2,2020-08-02,H,3
5,2020-08-02,H,3
6,2020-08-02,H,3
7,2020-08-03,H,24
5,2020-08-03,H,11
2,2020-08-03,H,9
4,2020-08-03,H,7
3,2020-08-03,H,6
1,2020-08-03,H,5
6,2020-08-03,H,4
7,2020-08-04,H,21
4,2020-08-04,H,13
5,2020-08-04,H,9
6,2020-08-04,H,9
3,2020-08-04,H,6
2,2020-08-04,H,5
1,2020-08-04,H,1
7,2020-08-05,H,17
2,2020-08-05,H,15
3,2020-08-05,H,10
5,2020-08-05,H,10
4,2020-08-05,H,8
1,2020-08-05,H,6
6,2020-08-05,H,6
7,2020-08-06,H,29
3,2020-08-06,H,10
5,2020-08-06,H,7
1,2020-08-06,H,6
4,2020-08-06,H,6
2,2020-08-06,H,5
6,2020-08-06,H,5
7,2020-08-07,H,28
3,2020-08-07,H,19
4,2020-08-07,H,13
5,2020-08-07,H,13
1,2020-08-07,H,10
6,2020-08-07,H,7
2,2020-08-07,H,6
7,2020-08-08,H,24
2,2020-08-08,H,10
3,2020-08-08,H,8
6,2020-08-08,H,8
4,2020-08-08,H,5
5,2020-08-08,H,5
1,2020-08-08,H,4
5,2020-08-09,H,11
7,2020-08-09,H,8
3,2020-08-09,H,7
2,2020-08-09,H,5
4,2020-08-09,H,4
6,2020-08-09,H,2
1,2020-08-09,H,1
7,2020-08-10,H,22
1,2020-08-10,H,10
2,2020-08-10,H,9
5,2020-08-10,H,8
3,2020-08-10,H,7
4,2020-08-10,H,7
6,2020-08-10,H,3
7,2020-08-11,H,22
2,2020-08-11,H,11
5,2020-08-11,H,11
4,2020-08-11,H,8
3,2020-08-11,H,6
6,2020-08-11,H,5
1,2020-08-11,H,3
7,2020-08-12,H,24
4,2020-08-12,H,14
5,2020-08-12,H,13
6,2020-08-12,H,8
2,2020-08-12,H,7
3,2020-08-12,H,5
1,2020-08-12,H,3
7,2020-08-13,H,28
2,2020-08-13,H,7
3,2020-08-13,H,7
4,2020-08-13,H,7
1,2020-08-13,H,6
5,2020-08-13,H,5
6,2020-08-13,H,5
7,2020-08-14,H,35
4,2020-08-14,H,12
3,2020-08-14,H,11
5,2020-08-14,H,10
6,2020-08-14,H,8
1,2020-08-14,H,6
2,2020-08-14,H,5
7,2020-08-15,H,14
5,2020-08-15,H,10
4,2020-08-15,H,6
6,2020-08-15,H,6
2,2020-08-15,H,5
3,2020-08-15,H,4
1,2020-08-15,H,1
7,2020-08-16,H,25
5,2020-08-16,H,11
3,2020-08-16,H,7
1,2020-08-16,H,2
2,2020-08-16,H,2
4,2020-08-16,H,1
6,2020-08-16,H,1
7,2020-08-17,H,25
5,2020-08-17,H,18
4,2020-08-17,H,12
6,2020-08-17,H,9
2,2020-08-17,H,7
3,2020-08-17,H,6
1,2020-08-17,H,4
7,2020-08-18,H,23
3,2020-08-18,H,14
6,2020-08-18,H,12
5,2020-08-18,H,10
2,2020-08-18,H,8
1,2020-08-18,H,7
4,2020-08-18,H,6
7,2020-08-19,H,29
2,2020-08-19,H,15
6,2020-08-19,H,14
5,2020-08-19,H,13
4,2020-08-19,H,11
3,2020-08-19,H,10
1,2020-08-19,H,5
7,2020-08-20,H,25
4,2020-08-20,H,10
5,2020-08-20,H,9
2,2020-08-20,H,7
1,2020-08-20,H,6
3,2020-08-20,H,5
6,2020-08-20,H,3
7,2020-08-21,H,24
5,2020-08-21,H,15
3,2020-08-21,H,12
4,2020-08-21,H,11
2,2020-08-21,H,9
1,2020-08-21,H,5
6,2020-08-21,H,4
7,2020-08-22,H,25
4,2020-08-22,H,10
5,2020-08-22,H,9
3,2020-08-22,H,7
1,2020-08-22,H,5
2,2020-08-22,H,5
6,2020-08-22,H,4
7,2020-08-23,H,22
4,2020-08-23,H,13
3,2020-08-23,H,5
5,2020-08-23,H,5
6,2020-08-23,H,4
1,2020-08-23,H,3
2,2020-08-23,H,3
7,2020-08-24,H,19
5,2020-08-24,H,11
6,2020-08-24,H,11
4,2020-08-24,H,9
3,2020-08-24,H,7
1,2020-08-24,H,6
2,2020-08-24,H,6
7,2020-08-25,H,37
4,2020-08-25,H,14
6,2020-08-25,H,14
5,2020-08-25,H,11
2,2020-08-25,H,10
3,2020-08-25,H,9
1,2020-08-25,H,4
7,2020-08-26,H,25
4,2020-08-26,H,14
3,2020-08-26,H,12
2,2020-08-26,H,11
5,2020-08-26,H,7
1,2020-08-26,H,4
6,2020-08-26,H,2
7,2020-08-27,H,32
4,2020-08-27,H,14
2,2020-08-27,H,13
5,2020-08-27,H,9
3,2020-08-27,H,7
1,2020-08-27,H,6
6,2020-08-27,H,3
7,2020-08-28,H,32
4,2020-08-28,H,11
5,2020-08-28,H,11
1,2020-08-28,H,9
2,2020-08-28,H,6
6,2020-08-28,H,5
3,2020-08-28,H,4
7,2020-08-29,H,23
5,2020-08-29,H,13
4,2020-08-29,H,6
2,2020-08-29,H,4
3,2020-08-29,H,4
6,2020-08-29,H,4
1,2020-08-29,H,1
7,2020-08-30,H,22
5,2020-08-30,H,12
4,2020-08-30,H,9
3,2020-08-30,H,8
2,2020-08-30,H,6
6,2020-08-30,H,3
1,2020-08-30,H,1
7,2020-08-31,H,13
4,2020-08-31,H,11
3,2020-08-31,H,9
5,2020-08-31,H,9
1,2020-08-31,H,7
2,2020-08-31,H,7
6,2020-08-31,H,5
7,2020-09-01,H,33
4,2020-09-01,H,17
5,2020-09-01,H,12
2,2020-09-01,H,10
1,2020-09-01,H,8
6,2020-09-01,H,8
3,2020-09-01,H,6
7,2020-09-02,H,33
3,2020-09-02,H,15
5,2020-09-02,H,12
1,2020-09-02,H,7
4,2020-09-02,H,7
6,2020-09-02,H,7
2,2020-09-02,H,6
7,2020-09-03,H,29
3,2020-09-03,H,12
5,2020-09-03,H,9
4,2020-09-03,H,8
6,2020-09-03,H,8
2,2020-09-03,H,6
1,2020-09-03,H,5
7,2020-09-04,H,24
3,2020-09-04,H,15
5,2020-09-04,H,13
1,2020-09-04,H,12
4,2020-09-04,H,12
2,2020-09-04,H,8
6,2020-09-04,H,7
7,2020-09-05,H,23
2,2020-09-05,H,9
4,2020-09-05,H,9
3,2020-09-05,H,5
5,2020-09-05,H,3
1,2020-09-05,H,1
7,2020-09-06,H,24
4,2020-09-06,H,9
5,2020-09-06,H,9
3,2020-09-06,H,4
1,2020-09-06,H,2
6,2020-09-06,H,2
2,2020-09-06,H,1
7,2020-09-07,H,31
5,2020-09-07,H,14
4,2020-09-07,H,9
2,2020-09-07,H,7
3,2020-09-07,H,5
6,2020-09-07,H,5
1,2020-09-07,H,3
7,2020-09-08,H,23
5,2020-09-08,H,15
2,2020-09-08,H,8
3,2020-09-08,H,8
4,2020-09-08,H,6
6,2020-09-08,H,6
1,2020-09-08,H,5
7,2020-09-09,H,50
3,2020-09-09,H,11
4,2020-09-09,H,11
5,2020-09-09,H,10
2,2020-09-09,H,7
6,2020-09-09,H,7
1,2020-09-09,H,6
7,2020-09-10,H,43
5,2020-09-10,H,13
2,2020-09-10,H,10
4,2020-09-10,H,10
1,2020-09-10,H,9
6,2020-09-10,H,9
3,2020-09-10,H,2
7,2020-09-11,H,48
5,2020-09-11,H,18
6,2020-09-11,H,11
3,2020-09-11,H,10
4,2020-09-11,H,8
1,2020-09-11,H,6
2,2020-09-11,H,6
7,2020-09-12,H,38
4,2020-09-12,H,7
5,2020-09-12,H,7
6,2020-09-12,H,6
1,2020-09-12,H,4
2,2020-09-12,H,3
3,2020-09-12,H,3
7,2020-09-13,H,36
5,2020-09-13,H,9
1,2020-09-13,H,7
4,2020-09-13,H,7
2,2020-09-13,H,5
3,2020-09-13,H,3
6,2020-09-13,H,3
7,2020-09-14,H,36
5,2020-09-14,H,22
4,2020-09-14,H,20
3,2020-09-14,H,15
6,2020-09-14,H,13
2,2020-09-14,H,7
1,2020-09-14,H,5
7,2020-09-15,H,43
1,2020-09-15,H,17
3,2020-09-15,H,14
5,2020-09-15,H,10
2,2020-09-15,H,8
6,2020-09-15,H,8
4,2020-09-15,H,7
7,2020-09-16,H,57
5,2020-09-16,H,22
3,2020-09-16,H,17
4,2020-09-16,H,17
1,2020-09-16,H,11
2,2020-09-16,H,9
6,2020-09-16,H,8
7,2020-09-17,H,60
4,2020-09-17,H,22
5,2020-09-17,H,18
3,2020-09-17,H,13
6,2020-09-17,H,11
1,2020-09-17,H,9
2,2020-09-17,H,7
7,2020-09-18,H,51
5,2020-09-18,H,20
4,2020-09-18,H,14
6,2020-09-18,H,13
3,2020-09-18,H,10
1,2020-09-18,H,9
2,2020-09-18,H,9
7,2020-09-19,H,56
5,2020-09-19,H,19
6,2020-09-19,H,12
3,2020-09-19,H,8
2,2020-09-19,H,6
4,2020-09-19,H,6
1,2020-09-19,H,1
7,2020-09-20,H,52
6,2020-09-20,H,14
5,2020-09-20,H,12
4,2020-09-20,H,11
1,2020-09-20,H,9
3,2020-09-20,H,7
2,2020-09-20,H,6
7,2020-09-21,H,62
5,2020-09-21,H,17
6,2020-09-21,H,15
4,2020-09-21,H,10
1,2020-09-21,H,8
3,2020-09-21,H,7
2,2020-09-21,H,3
7,2020-09-22,H,81
4,2020-09-22,H,21
5,2020-09-22,H,20
6,2020-09-22,H,15
2,2020-09-22,H,9
3,2020-09-22,H,9
1,2020-09-22,H,8
7,2020-09-23,H,86
5,2020-09-23,H,25
4,2020-09-23,H,23
3,2020-09-23,H,13
6,2020-09-23,H,9
1,2020-09-23,H,8
2,2020-09-23,H,4
7,2020-09-24,H,87
5,2020-09-24,H,23
4,2020-09-24,H,21
6,2020-09-24,H,17
1,2020-09-24,H,16
3,2020-09-24,H,13
2,2020-09-24,H,7
7,2020-09-25,H,103
4,2020-09-25,H,30
5,2020-09-25,H,28
3,2020-09-25,H,19
6,2020-09-25,H,18
1,2020-09-25,H,11
2,2020-09-25,H,7
7,2020-09-26,H,87
5,2020-09-26,H,29
3,2020-09-26,H,16
4,2020-09-26,H,14
6,2020-09-26,H,11
1,2020-09-26,H,10
2,2020-09-26,H,10
7,2020-09-27,H,70
5,2020-09-27,H,19
3,2020-09-27,H,16
4,2020-09-27,H,14
6,2020-09-27,H,10
1,2020-09-27,H,5
2,2020-09-27,H,2
7,2020-09-28,H,109
5,2020-09-28,H,33
4,2020-09-28,H,29
6,2020-09-28,H,18
3,2020-09-28,H,17
2,2020-09-28,H,13
1,2020-09-28,H,9
7,2020-09-29,H,152
5,2020-09-29,H,38
4,2020-09-29,H,22
6,2020-09-29,H,20
3,2020-09-29,H,17
1,2020-09-29,H,13
2,2020-09-29,H,10
7,2020-09-30,H,131
5,2020-09-30,H,33
4,2020-09-30,H,32
6,2020-09-30,H,25
3,2020-09-30,H,22
1,2020-09-30,H,19
2,2020-09-30,H,6
7,2020-10-01,H,130
5,2020-10-01,H,31
4,2020-10-01,H,23
6,2020-10-01,H,22
3,2020-10-01,H,16
1,2020-10-01,H,13
2,2020-10-01,H,12
7,2020-10-02,H,153
5,2020-10-02,H,36
4,2020-10-02,H,30
6,2020-10-02,H,22
3,2020-10-02,H,18
2,2020-10-02,H,12
1,2020-10-02,H,9
7,2020-10-03,H,119
5,2020-10-03,H,30
4,2020-10-03,H,19
3,2020-10-03,H,17
6,2020-10-03,H,17
2,2020-10-03,H,10
1,2020-10-03,H,7
7,2020-10-04,H,114
5,2020-10-04,H,29
4,2020-10-04,H,22
1,2020-10-04,H,13
2,2020-10-04,H,12
3,2020-10-04,H,11
6,2020-10-04,H,11
7,2020-10-05,H,152
5,2020-10-05,H,43
4,2020-10-05,H,39
6,2020-10-05,H,34
3,2020-10-05,H,27
1,2020-10-05,H,16
2,2020-10-05,H,14
7,2020-10-06,H,160
5,2020-10-06,H,51
4,2020-10-06,H,38
6,2020-10-06,H,28
3,2020-10-06,H,26
1,2020-10-06,H,14
2,2020-10-06,H,13
7,2020-10-07,H,168
5,2020-10-07,H,57
4,2020-10-07,H,39
3,2020-10-07,H,33
6,2020-10-07,H,32
1,2020-10-07,H,21
2,2020-10-07,H,11
7,2020-10-08,H,179
5,2020-10-08,H,47
4,2020-10-08,H,35
6,2020-10-08,H,30
3,2020-10-08,H,24
2,2020-10-08,H,23
1,2020-10-08,H,22
7,2020-10-09,H,174
5,2020-10-09,H,45
4,2020-10-09,H,37
6,2020-10-09,H,35
3,2020-10-09,H,24
1,2020-10-09,H,20
2,2020-10-09,H,19
7,2020-10-10,H,174
5,2020-10-10,H,51
4,2020-10-10,H,39
6,2020-10-10,H,36
3,2020-10-10,H,25
2,2020-10-10,H,20
1,2020-10-10,H,9
7,2020-10-11,H,149
5,2020-10-11,H,51
6,2020-10-11,H,26
3,2020-10-11,H,25
4,2020-10-11,H,20
1,2020-10-11,H,19
2,2020-10-11,H,17
7,2020-10-12,H,192
5,2020-10-12,H,47
4,2020-10-12,H,41
6,2020-10-12,H,35
3,2020-10-12,H,34
2,2020-10-12,H,17
1,2020-10-12,H,16
7,2020-10-13,H,207
5,2020-10-13,H,53
4,2020-10-13,H,37
6,2020-10-13,H,37
3,2020-10-13,H,33
2,2020-10-13,H,23
1,2020-10-13,H,20
7,2020-10-14,H,216
4,2020-10-14,H,52
5,2020-10-14,H,52
3,2020-10-14,H,44
6,2020-10-14,H,41
1,2020-10-14,H,21
2,2020-10-14,H,20
7,2020-10-15,H,240
5,2020-10-15,H,61
4,2020-10-15,H,47
6,2020-10-15,H,39
3,2020-10-15,H,37
1,2020-10-15,H,23
2,2020-10-15,H,18
7,2020-10-16,H,222
5,2020-10-16,H,69
4,2020-10-16,H,49
3,2020-10-16,H,40
6,2020-10-16,H,38
2,2020-10-16,H,27
1,2020-10-16,H,22
7,2020-10-17,H,210
5,2020-10-17,H,60
4,2020-10-17,H,46
3,2020-10-17,H,39
6,2020-10-17,H,37
1,2020-10-17,H,22
2,2020-10-17,H,21
7,2020-10-18,H,175
5,2020-10-18,H,54
6,2020-10-18,H,36
3,2020-10-18,H,35
4,2020-10-18,H,34
1,2020-10-18,H,20
2,2020-10-18,H,11
7,2020-10-19,H,247
5,2020-10-19,H,69
4,2020-10-19,H,48
6,2020-10-19,H,46
3,2020-10-19,H,32
1,2020-10-19,H,25
2,2020-10-19,H,25
7,2020-10-20,H,270
5,2020-10-20,H,67
4,2020-10-20,H,58
3,2020-10-20,H,47
6,2020-10-20,H,45
1,2020-10-20,H,25
2,2020-10-20,H,19
7,2020-10-21,H,278
5,2020-10-21,H,87
4,2020-10-21,H,57
3,2020-10-21,H,48
6,2020-10-21,H,46
1,2020-10-21,H,36
2,2020-10-21,H,24
7,2020-10-22,H,280
5,2020-10-22,H,69
4,2020-10-22,H,55
6,2020-10-22,H,46
3,2020-10-22,H,43
1,2020-10-22,H,33
2,2020-10-22,H,28
7,2020-10-23,H,280
5,2020-10-23,H,85
4,2020-10-23,H,69
6,2020-10-23,H,50
3,2020-10-23,H,43
1,2020-10-23,H,32
2,2020-10-23,H,28
7,2020-10-24,H,243
5,2020-10-24,H,70
4,2020-10-24,H,56
6,2020-10-24,H,48
3,2020-10-24,H,35
2,2020-10-24,H,23
1,2020-10-24,H,21
7,2020-10-25,H,211
5,2020-10-25,H,73
6,2020-10-25,H,46
4,2020-10-25,H,42
3,2020-10-25,H,38
2,2020-10-25,H,28
1,2020-10-25,H,27
7,2020-10-26,H,274
5,2020-10-26,H,75
4,2020-10-26,H,61
6,2020-10-26,H,48
3,2020-10-26,H,45
2,2020-10-26,H,25
1,2020-10-26,H,23
7,2020-10-27,H,307
5,2020-10-27,H,79
4,2020-10-27,H,72
3,2020-10-27,H,55
6,2020-10-27,H,50
1,2020-10-27,H,37
2,2020-10-27,H,32
7,2020-10-28,H,273
5,2020-10-28,H,77
4,2020-10-28,H,76
3,2020-10-28,H,59
6,2020-10-28,H,53
1,2020-10-28,H,29
2,2020-10-28,H,23
7,2020-10-29,H,280
5,2020-10-29,H,91
4,2020-10-29,H,57
3,2020-10-29,H,52
6,2020-10-29,H,52
2,2020-10-29,H,30
1,2020-10-29,H,19
7,2020-10-30,H,287
5,2020-10-30,H,89
4,2020-10-30,H,63
6,2020-10-30,H,52
3,2020-10-30,H,45
1,2020-10-30,H,25
2,2020-10-30,H,15
7,2020-10-31,H,248
5,2020-10-31,H,78
4,2020-10-31,H,50
6,2020-10-31,H,48
3,2020-10-31,H,40
1,2020-10-31,H,22
2,2020-10-31,H,18
7,2020-11-01,H,278
5,2020-11-01,H,66
6,2020-11-01,H,48
4,2020-11-01,H,46
3,2020-11-01,H,40
2,2020-11-01,H,15
1,2020-11-01,H,10
7,2020-11-02,H,299
5,2020-11-02,H,86
4,2020-11-02,H,61
6,2020-11-02,H,55
3,2020-11-02,H,45
1,2020-11-02,H,25
2,2020-11-02,H,23
7,2020-11-03,H,312
5,2020-11-03,H,85
4,2020-11-03,H,69
6,2020-11-03,H,49
3,2020-11-03,H,46
1,2020-11-03,H,24
2,2020-11-03,H,21
7,2020-11-04,H,330
5,2020-11-04,H,95
4,2020-11-04,H,71
6,2020-11-04,H,55
3,2020-11-04,H,49
2,2020-11-04,H,28
1,2020-11-04,H,22
7,2020-11-05,H,324
5,2020-11-05,H,95
4,2020-11-05,H,60
6,2020-11-05,H,57
3,2020-11-05,H,50
1,2020-11-05,H,31
2,2020-11-05,H,20
7,2020-11-06,H,330
5,2020-11-06,H,81
4,2020-11-06,H,70
3,2020-11-06,H,59
6,2020-11-06,H,56
2,2020-11-06,H,28
1,2020-11-06,H,26
7,2020-11-07,H,284
5,2020-11-07,H,69
4,2020-11-07,H,55
6,2020-11-07,H,47
3,2020-11-07,H,44
2,2020-11-07,H,19
1,2020-11-07,H,17
7,2020-11-08,H,259
5,2020-11-08,H,69
6,2020-11-08,H,50
4,2020-11-08,H,40
3,2020-11-08,H,37
1,2020-11-08,H,19
2,2020-11-08,H,18
7,2020-11-09,H,313
5,2020-11-09,H,79
6,2020-11-09,H,57
4,2020-11-09,H,56
3,2020-11-09,H,42
2,2020-11-09,H,22
1,2020-11-09,H,20
7,2020-11-10,H,329
5,2020-11-10,H,82
4,2020-11-10,H,62
6,2020-11-10,H,57
3,2020-11-10,H,50
1,2020-11-10,H,31
2,2020-11-10,H,17
7,2020-11-11,H,258
5,2020-11-11,H,62
4,2020-11-11,H,50
6,2020-11-11,H,50
3,2020-11-11,H,22
2,2020-11-11,H,20
1,2020-11-11,H,16
7,2020-11-12,H,335
5,2020-11-12,H,78
4,2020-11-12,H,57
3,2020-11-12,H,53
6,2020-11-12,H,48
1,2020-11-12,H,30
2,2020-11-12,H,18
7,2020-11-13,H,333
5,2020-11-13,H,82
6,2020-11-13,H,56
4,2020-11-13,H,54
3,2020-11-13,H,38
2,2020-11-13,H,23
1,2020-11-13,H,22
7,2020-11-14,H,296
5,2020-11-14,H,70
6,2020-11-14,H,42
4,2020-11-14,H,40
3,2020-11-14,H,32
2,2020-11-14,H,20
1,2020-11-14,H,18
7,2020-11-15,H,283
4,2020-11-15,H,61
5,2020-11-15,H,61
3,2020-11-15,H,41
6,2020-11-15,H,39
1,2020-11-15,H,21
2,2020-11-15,H,15
7,2020-11-16,H,305
5,2020-11-16,H,74
4,2020-11-16,H,56
6,2020-11-16,H,56
3,2020-11-16,H,36
1,2020-11-16,H,23
2,2020-11-16,H,19
7,2020-11-17,H,318
5,2020-11-17,H,68
4,2020-11-17,H,57
3,2020-11-17,H,46
6,2020-11-17,H,46
1,2020-11-17,H,21
2,2020-11-17,H,15
7,2020-11-18,H,321
5,2020-11-18,H,81
6,2020-11-18,H,54
4,2020-11-18,H,49
3,2020-11-18,H,38
2,2020-11-18,H,26
1,2020-11-18,H,24
7,2020-11-19,H,310
5,2020-11-19,H,69
4,2020-11-19,H,55
6,2020-11-19,H,42
3,2020-11-19,H,38
1,2020-11-19,H,18
2,2020-11-19,H,13
7,2020-11-20,H,306
5,2020-11-20,H,73
6,2020-11-20,H,50
4,2020-11-20,H,48
3,2020-11-20,H,38
1,2020-11-20,H,29
2,2020-11-20,H,24
7,2020-11-21,H,247
5,2020-11-21,H,51
4,2020-11-21,H,38
6,2020-11-21,H,38
3,2020-11-21,H,25
1,2020-11-21,H,18
2,2020-11-21,H,13
7,2020-11-22,H,227
5,2020-11-22,H,50
6,2020-11-22,H,41
4,2020-11-22,H,30
3,2020-11-22,H,24
1,2020-11-22,H,16
2,2020-11-22,H,6
7,2020-11-23,H,288
5,2020-11-23,H,75
6,2020-11-23,H,47
4,2020-11-23,H,46
3,2020-11-23,H,27
1,2020-11-23,H,17
2,2020-11-23,H,15
7,2020-11-24,H,282
5,2020-11-24,H,65
6,2020-11-24,H,47
4,2020-11-24,H,41
3,2020-11-24,H,31
2,2020-11-24,H,24
1,2020-11-24,H,18
7,2020-11-25,H,306
5,2020-11-25,H,62
4,2020-11-25,H,48
6,2020-11-25,H,46
3,2020-11-25,H,39
1,2020-11-25,H,19
2,2020-11-25,H,15
7,2020-11-26,H,286
5,2020-11-26,H,63
6,2020-11-26,H,42
4,2020-11-26,H,40
3,2020-11-26,H,37
1,2020-11-26,H,23
2,2020-11-26,H,18
7,2020-11-27,H,292
5,2020-11-27,H,67
6,2020-11-27,H,45
4,2020-11-27,H,37
3,2020-11-27,H,26
1,2020-11-27,H,20
2,2020-11-27,H,17
7,2020-11-28,H,268
5,2020-11-28,H,46
6,2020-11-28,H,36
4,2020-11-28,H,35
3,2020-11-28,H,31
2,2020-11-28,H,20
1,2020-11-28,H,13
7,2020-11-29,H,208
5,2020-11-29,H,43
6,2020-11-29,H,33
4,2020-11-29,H,31
3,2020-11-29,H,22
1,2020-11-29,H,14
2,2020-11-29,H,13
7,2020-11-30,H,268
5,2020-11-30,H,63
6,2020-11-30,H,47
4,2020-11-30,H,45
3,2020-11-30,H,26
1,2020-11-30,H,20
2,2020-11-30,H,14
7,2020-12-01,H,285
5,2020-12-01,H,70
4,2020-12-01,H,54
6,2020-12-01,H,42
3,2020-12-01,H,31
1,2020-12-01,H,23
2,2020-12-01,H,20
7,2020-12-02,H,267
5,2020-12-02,H,64
6,2020-12-02,H,49
3,2020-12-02,H,40
4,2020-12-02,H,39
1,2020-12-02,H,20
2,2020-12-02,H,16
7,2020-12-03,H,269
5,2020-12-03,H,55
6,2020-12-03,H,39
4,2020-12-03,H,37
3,2020-12-03,H,33
2,2020-12-03,H,20
1,2020-12-03,H,17
7,2020-12-04,H,278
5,2020-12-04,H,55
6,2020-12-04,H,54
4,2020-12-04,H,40
3,2020-12-04,H,34
2,2020-12-04,H,23
1,2020-12-04,H,15
7,2020-12-05,H,209
5,2020-12-05,H,54
6,2020-12-05,H,36
4,2020-12-05,H,31
3,2020-12-05,H,23
2,2020-12-05,H,20
1,2020-12-05,H,18
7,2020-12-06,H,216
5,2020-12-06,H,37
4,2020-12-06,H,32
6,2020-12-06,H,32
3,2020-12-06,H,28
1,2020-12-06,H,15
2,2020-12-06,H,9
7,2020-12-07,H,241
5,2020-12-07,H,59
6,2020-12-07,H,51
4,2020-12-07,H,32
1,2020-12-07,H,25
3,2020-12-07,H,25
2,2020-12-07,H,17
7,2020-12-08,H,243
5,2020-12-08,H,57
4,2020-12-08,H,42
6,2020-12-08,H,37
3,2020-12-08,H,35
2,2020-12-08,H,17
1,2020-12-08,H,16
7,2020-12-09,H,258
5,2020-12-09,H,68
4,2020-12-09,H,42
6,2020-12-09,H,40
3,2020-12-09,H,26
1,2020-12-09,H,19
2,2020-12-09,H,16
7,2020-12-10,H,258
5,2020-12-10,H,64
6,2020-12-10,H,44
4,2020-12-10,H,41
3,2020-12-10,H,26
2,2020-12-10,H,19
1,2020-12-10,H,12
7,2020-12-11,H,275
5,2020-12-11,H,67
6,2020-12-11,H,48
4,2020-12-11,H,37
3,2020-12-11,H,33
2,2020-12-11,H,25
1,2020-12-11,H,16
7,2020-12-12,H,231
5,2020-12-12,H,66
4,2020-12-12,H,40
6,2020-12-12,H,34
1,2020-12-12,H,15
2,2020-12-12,H,15
3,2020-12-12,H,14
7,2020-12-13,H,218
6,2020-12-13,H,36
5,2020-12-13,H,35
4,2020-12-13,H,31
3,2020-12-13,H,26
1,2020-12-13,H,17
2,2020-12-13,H,7
7,2020-12-14,H,248
5,2020-12-14,H,58
6,2020-12-14,H,40
3,2020-12-14,H,37
4,2020-12-14,H,35
2,2020-12-14,H,17
1,2020-12-14,H,11
7,2020-12-15,H,245
5,2020-12-15,H,61
6,2020-12-15,H,42
4,2020-12-15,H,39
3,2020-12-15,H,33
1,2020-12-15,H,16
2,2020-12-15,H,13
7,2020-12-16,H,248
5,2020-12-16,H,54
4,2020-12-16,H,39
3,2020-12-16,H,36
6,2020-12-16,H,35
2,2020-12-16,H,20
1,2020-12-16,H,12
7,2020-12-17,H,245
5,2020-12-17,H,64
6,2020-12-17,H,43
4,2020-12-17,H,30
3,2020-12-17,H,27
2,2020-12-17,H,17
1,2020-12-17,H,14
7,2020-12-18,H,275
5,2020-12-18,H,65
4,2020-12-18,H,45
6,2020-12-18,H,38
3,2020-12-18,H,28
2,2020-12-18,H,20
1,2020-12-18,H,10
7,2020-12-19,H,220
5,2020-12-19,H,36
4,2020-12-19,H,34
6,2020-12-19,H,29
3,2020-12-19,H,19
2,2020-12-19,H,12
1,2020-12-19,H,6
7,2020-12-20,H,197
6,2020-12-20,H,38
5,2020-12-20,H,35
4,2020-12-20,H,31
3,2020-12-20,H,15
1,2020-12-20,H,8
2,2020-12-20,H,8
7,2020-12-21,H,257
5,2020-12-21,H,51
6,2020-12-21,H,43
4,2020-12-21,H,35
3,2020-12-21,H,28
2,2020-12-21,H,12
1,2020-12-21,H,10
7,2020-12-22,H,250
5,2020-12-22,H,50
6,2020-12-22,H,33
4,2020-12-22,H,31
3,2020-12-22,H,19
1,2020-12-22,H,18
2,2020-12-22,H,11
7,2020-12-23,H,249
5,2020-12-23,H,64
4,2020-12-23,H,36
6,2020-12-23,H,34
3,2020-12-23,H,27
2,2020-12-23,H,16
1,2020-12-23,H,10
7,2020-12-24,H,222
5,2020-12-24,H,43
6,2020-12-24,H,35
4,2020-12-24,H,21
3,2020-12-24,H,18
1,2020-12-24,H,12
2,2020-12-24,H,9
7,2020-12-25,H,211
5,2020-12-25,H,31
6,2020-12-25,H,24
4,2020-12-25,H,22
3,2020-12-25,H,17
2,2020-12-25,H,10
1,2020-12-25,H,9
7,2020-12-26,H,206
5,2020-12-26,H,37
6,2020-12-26,H,27
4,2020-12-26,H,21
3,2020-12-26,H,19
1,2020-12-26,H,8
2,2020-12-26,H,8
7,2020-12-27,H,218
5,2020-12-27,H,38
6,2020-12-27,H,24
4,2020-12-27,H,23
3,2020-12-27,H,20
1,2020-12-27,H,9
2,2020-12-27,H,8
7,2020-12-28,H,265
5,2020-12-28,H,57
6,2020-12-28,H,47
4,2020-12-28,H,42
3,2020-12-28,H,29
1,2020-12-28,H,18
2,2020-12-28,H,8
7,2020-12-29,H,252
5,2020-12-29,H,50
4,2020-12-29,H,42
6,2020-12-29,H,39
3,2020-12-29,H,27
2,2020-12-29,H,12
1,2020-12-29,H,11
7,2020-12-30,H,263
5,2020-12-30,H,48
6,2020-12-30,H,42
4,2020-12-30,H,39
3,2020-12-30,H,14
2,2020-12-30,H,13
1,2020-12-30,H,12
7,2020-12-31,H,242
5,2020-12-31,H,51
6,2020-12-31,H,34
4,2020-12-31,H,31
3,2020-12-31,H,19
1,2020-12-31,H,9
2,2020-12-31,H,6
7,2021-01-01,H,208
5,2021-01-01,H,38
4,2021-01-01,H,31
6,2021-01-01,H,23
3,2021-01-01,H,20
1,2021-01-01,H,14
2,2021-01-01,H,4
7,2021-01-02,H,200
5,2021-01-02,H,37
6,2021-01-02,H,28
3,2021-01-02,H,22
4,2021-01-02,H,18
1,2021-01-02,H,10
2,2021-01-02,H,7
7,2021-01-03,H,201
5,2021-01-03,H,36
6,2021-01-03,H,27
4,2021-01-03,H,19
3,2021-01-03,H,17
1,2021-01-03,H,14
2,2021-01-03,H,9
7,2021-01-04,H,252
5,2021-01-04,H,58
6,2021-01-04,H,40
3,2021-01-04,H,32
4,2021-01-04,H,31
1,2021-01-04,H,10
2,2021-01-04,H,10
7,2021-01-05,H,259
5,2021-01-05,H,48
6,2021-01-05,H,37
4,2021-01-05,H,34
3,2021-01-05,H,25
2,2021-01-05,H,19
1,2021-01-05,H,15
7,2021-01-06,H,193
5,2021-01-06,H,41
4,2021-01-06,H,28
6,2021-01-06,H,25
3,2021-01-06,H,17
1,2021-01-06,H,10
2,2021-01-06,H,7
7,2021-01-07,H,247
5,2021-01-07,H,54
4,2021-01-07,H,29
6,2021-01-07,H,27
3,2021-01-07,H,18
1,2021-01-07,H,8
2,2021-01-07,H,8
7,2021-01-08,H,252
5,2021-01-08,H,43
6,2021-01-08,H,41
4,2021-01-08,H,36
3,2021-01-08,H,23
2,2021-01-08,H,18
1,2021-01-08,H,9
7,2021-01-09,H,198
6,2021-01-09,H,45
5,2021-01-09,H,44
4,2021-01-09,H,25
3,2021-01-09,H,14
2,2021-01-09,H,9
1,2021-01-09,H,7
7,2021-01-10,H,174
6,2021-01-10,H,26
5,2021-01-10,H,25
4,2021-01-10,H,23
3,2021-01-10,H,11
1,2021-01-10,H,7
2,2021-01-10,H,6
7,2021-01-11,H,239
5,2021-01-11,H,42
6,2021-01-11,H,31
4,2021-01-11,H,29
3,2021-01-11,H,18
1,2021-01-11,H,8
2,2021-01-11,H,8
7,2021-01-12,H,215
5,2021-01-12,H,36
4,2021-01-12,H,31
6,2021-01-12,H,27
3,2021-01-12,H,23
2,2021-01-12,H,10
1,2021-01-12,H,6
7,2021-01-13,H,210
5,2021-01-13,H,42
6,2021-01-13,H,35
4,2021-01-13,H,32
3,2021-01-13,H,24
1,2021-01-13,H,6
2,2021-01-13,H,5
7,2021-01-14,H,197
5,2021-01-14,H,47
4,2021-01-14,H,32
6,2021-01-14,H,25
3,2021-01-14,H,15
1,2021-01-14,H,8
2,2021-01-14,H,8
7,2021-01-15,H,161
5,2021-01-15,H,31
6,2021-01-15,H,29
4,2021-01-15,H,21
2,2021-01-15,H,15
3,2021-01-15,H,5
1,2021-01-15,H,4
7,2021-01-16,H,150
5,2021-01-16,H,28
6,2021-01-16,H,23
4,2021-01-16,H,20
3,2021-01-16,H,10
2,2021-01-16,H,6
1,2021-01-16,H,2
7,2021-01-17,H,119
6,2021-01-17,H,20
5,2021-01-17,H,19
4,2021-01-17,H,9
3,2021-01-17,H,8
2,2021-01-17,H,6
1,2021-01-17,H,3
7,2021-01-18,H,37
1,2021-01-18,H,5
5,2021-01-18,H,5
6,2021-01-18,H,4
3,2021-01-18,H,2
4,2021-01-18,H,2
2,2021-01-18,H,1
7,2020-03-06,I,1
7,2020-03-07,I,1
7,2020-03-18,I,2
3,2020-03-19,I,1
4,2020-03-19,I,1
7,2020-03-19,I,1
7,2020-03-20,I,1
3,2020-03-21,I,2
5,2020-03-21,I,1
7,2020-03-22,I,2
7,2020-03-23,I,2
7,2020-03-24,I,2
4,2020-03-24,I,1
7,2020-03-25,I,2
6,2020-03-26,I,1
7,2020-03-27,I,4
6,2020-03-27,I,2
4,2020-03-27,I,1
7,2020-03-28,I,5
6,2020-03-28,I,1
7,2020-03-29,I,4
5,2020-03-30,I,1
7,2020-03-31,I,2
7,2020-04-01,I,2
6,2020-04-01,I,1
7,2020-04-02,I,5
7,2020-04-03,I,2
5,2020-04-03,I,1
7,2020-04-04,I,3
7,2020-04-05,I,2
7,2020-04-06,I,1
7,2020-04-07,I,2
7,2020-04-08,I,1
7,2020-04-09,I,2
7,2020-04-10,I,2
6,2020-04-10,I,1
4,2020-04-11,I,1
7,2020-04-11,I,1
7,2020-04-12,I,1
7,2020-04-13,I,2
4,2020-04-13,I,1
5,2020-04-13,I,1
5,2020-04-14,I,1
7,2020-04-14,I,1
7,2020-04-16,I,2
7,2020-04-17,I,4
5,2020-04-17,I,1
6,2020-04-17,I,1
7,2020-04-18,I,1
7,2020-04-19,I,2
7,2020-04-20,I,2
6,2020-04-20,I,1
7,2020-04-21,I,4
7,2020-04-22,I,5
4,2020-04-22,I,1
7,2020-04-23,I,2
7,2020-04-24,I,2
7,2020-04-25,I,2
6,2020-04-25,I,1
5,2020-04-26,I,1
7,2020-04-26,I,1
5,2020-04-27,I,1
7,2020-04-27,I,1
6,2020-04-28,I,1
7,2020-04-28,I,1
7,2020-04-29,I,1
7,2020-05-01,I,2
7,2020-05-04,I,2
6,2020-05-05,I,1
7,2020-05-06,I,1
6,2020-05-07,I,1
7,2020-05-07,I,1
7,2020-05-08,I,1
7,2020-05-09,I,1
7,2020-05-10,I,2
6,2020-05-11,I,1
7,2020-05-11,I,1
6,2020-05-13,I,1
7,2020-05-14,I,2
5,2020-05-15,I,1
7,2020-05-15,I,1
7,2020-05-17,I,2
5,2020-05-17,I,1
6,2020-05-18,I,1
6,2020-05-19,I,1
5,2020-05-20,I,1
7,2020-05-20,I,1
7,2020-05-21,I,1
5,2020-05-23,I,1
6,2020-05-24,I,1
7,2020-05-25,I,1
7,2020-05-27,I,2
5,2020-05-29,I,1
4,2020-05-31,I,1
7,2020-05-31,I,1
7,2020-06-03,I,1
6,2020-06-04,I,2
7,2020-06-05,I,3
7,2020-06-06,I,1
7,2020-06-07,I,2
7,2020-06-08,I,1
3,2020-06-09,I,1
6,2020-06-10,I,1
7,2020-06-11,I,1
5,2020-06-12,I,2
7,2020-06-13,I,2
7,2020-06-14,I,1
7,2020-06-15,I,2
7,2020-06-16,I,3
6,2020-06-16,I,1
7,2020-06-17,I,1
5,2020-06-18,I,1
7,2020-06-18,I,1
4,2020-06-20,I,1
7,2020-06-20,I,1
7,2020-06-22,I,2
5,2020-06-24,I,1
7,2020-06-25,I,2
7,2020-06-26,I,2
7,2020-06-27,I,1
7,2020-06-29,I,1
7,2020-06-30,I,1
7,2020-07-01,I,1
7,2020-07-02,I,1
7,2020-07-05,I,3
4,2020-07-06,I,1
7,2020-07-06,I,1
7,2020-07-07,I,1
7,2020-07-08,I,1
7,2020-07-09,I,1
7,2020-07-10,I,1
7,2020-07-11,I,1
7,2020-07-12,I,3
6,2020-07-12,I,1
4,2020-07-13,I,1
3,2020-07-15,I,1
7,2020-07-15,I,1
5,2020-07-16,I,1
7,2020-07-16,I,1
7,2020-07-17,I,3
7,2020-07-18,I,2
5,2020-07-19,I,1
7,2020-07-19,I,1
6,2020-07-21,I,1
6,2020-07-24,I,1
7,2020-07-24,I,1
7,2020-07-25,I,2
7,2020-07-26,I,3
4,2020-07-28,I,1
7,2020-07-28,I,1
7,2020-07-29,I,2
4,2020-07-30,I,1
7,2020-07-31,I,2
7,2020-08-01,I,4
7,2020-08-02,I,5
5,2020-08-02,I,1
6,2020-08-02,I,1
7,2020-08-03,I,3
6,2020-08-03,I,1
7,2020-08-05,I,3
5,2020-08-05,I,1
7,2020-08-06,I,1
7,2020-08-07,I,1
7,2020-08-08,I,2
7,2020-08-09,I,1
6,2020-08-10,I,1
7,2020-08-10,I,1
5,2020-08-11,I,1
6,2020-08-11,I,1
3,2020-08-12,I,1
5,2020-08-12,I,1
7,2020-08-12,I,1
5,2020-08-13,I,1
7,2020-08-14,I,4
2,2020-08-14,I,1
5,2020-08-15,I,2
7,2020-08-15,I,2
7,2020-08-16,I,1
7,2020-08-17,I,2
6,2020-08-18,I,2
7,2020-08-19,I,1
7,2020-08-21,I,1
7,2020-08-23,I,3
7,2020-08-25,I,1
6,2020-08-26,I,1
7,2020-08-26,I,1
7,2020-08-27,I,2
5,2020-08-28,I,2
7,2020-08-28,I,2
7,2020-08-29,I,1
7,2020-08-30,I,3
6,2020-08-31,I,1
7,2020-09-03,I,1
7,2020-09-05,I,2
7,2020-09-06,I,3
6,2020-09-06,I,1
7,2020-09-07,I,1
7,2020-09-08,I,2
6,2020-09-08,I,1
7,2020-09-09,I,3
5,2020-09-09,I,1
7,2020-09-10,I,5
4,2020-09-10,I,1
5,2020-09-10,I,1
7,2020-09-11,I,4
4,2020-09-11,I,1
7,2020-09-12,I,2
5,2020-09-12,I,1
7,2020-09-14,I,1
7,2020-09-15,I,2
7,2020-09-16,I,8
3,2020-09-16,I,1
5,2020-09-16,I,1
7,2020-09-17,I,1
7,2020-09-18,I,2
6,2020-09-19,I,3
7,2020-09-19,I,3
7,2020-09-20,I,3
7,2020-09-21,I,2
7,2020-09-22,I,3
4,2020-09-22,I,1
6,2020-09-22,I,1
7,2020-09-23,I,3
7,2020-09-24,I,7
4,2020-09-24,I,1
7,2020-09-25,I,6
4,2020-09-26,I,3
7,2020-09-26,I,1
6,2020-09-27,I,3
7,2020-09-27,I,2
7,2020-09-28,I,6
4,2020-09-28,I,2
6,2020-09-28,I,2
7,2020-09-29,I,4
5,2020-09-29,I,1
7,2020-09-30,I,5
3,2020-09-30,I,1
4,2020-09-30,I,1
6,2020-09-30,I,1
7,2020-10-01,I,8
5,2020-10-01,I,1
6,2020-10-01,I,1
7,2020-10-02,I,7
5,2020-10-02,I,2
6,2020-10-02,I,1
5,2020-10-03,I,2
6,2020-10-03,I,2
7,2020-10-03,I,2
3,2020-10-03,I,1
7,2020-10-04,I,6
5,2020-10-04,I,3
7,2020-10-05,I,7
6,2020-10-05,I,5
5,2020-10-05,I,2
3,2020-10-05,I,1
7,2020-10-06,I,10
5,2020-10-06,I,1
7,2020-10-07,I,9
5,2020-10-07,I,1
6,2020-10-07,I,1
7,2020-10-08,I,12
5,2020-10-08,I,2
4,2020-10-08,I,1
7,2020-10-09,I,15
4,2020-10-09,I,3
7,2020-10-10,I,15
6,2020-10-10,I,5
4,2020-10-10,I,3
5,2020-10-10,I,2
7,2020-10-11,I,7
4,2020-10-11,I,1
6,2020-10-11,I,1
7,2020-10-12,I,11
6,2020-10-12,I,2
4,2020-10-12,I,1
5,2020-10-12,I,1
7,2020-10-13,I,19
6,2020-10-13,I,2
3,2020-10-13,I,1
5,2020-10-13,I,1
7,2020-10-14,I,12
6,2020-10-14,I,3
4,2020-10-14,I,1
7,2020-10-15,I,11
5,2020-10-15,I,2
4,2020-10-15,I,1
6,2020-10-15,I,1
7,2020-10-16,I,14
4,2020-10-16,I,1
5,2020-10-16,I,1
6,2020-10-16,I,1
7,2020-10-17,I,15
4,2020-10-17,I,2
3,2020-10-17,I,1
5,2020-10-17,I,1
7,2020-10-18,I,12
6,2020-10-18,I,4
5,2020-10-18,I,2
4,2020-10-18,I,1
7,2020-10-19,I,10
5,2020-10-19,I,4
6,2020-10-19,I,2
3,2020-10-19,I,1
7,2020-10-20,I,20
6,2020-10-20,I,4
4,2020-10-20,I,2
5,2020-10-20,I,2
7,2020-10-21,I,24
6,2020-10-21,I,4
5,2020-10-21,I,2
7,2020-10-22,I,19
6,2020-10-22,I,3
4,2020-10-22,I,2
5,2020-10-22,I,2
7,2020-10-23,I,27
5,2020-10-23,I,8
6,2020-10-23,I,7
7,2020-10-24,I,18
6,2020-10-24,I,8
4,2020-10-24,I,1
5,2020-10-24,I,1
7,2020-10-25,I,23
5,2020-10-25,I,5
6,2020-10-25,I,3
2,2020-10-25,I,1
4,2020-10-25,I,1
7,2020-10-26,I,26
6,2020-10-26,I,5
3,2020-10-26,I,2
1,2020-10-26,I,1
4,2020-10-26,I,1
5,2020-10-26,I,1
7,2020-10-27,I,22
5,2020-10-27,I,10
3,2020-10-27,I,3
4,2020-10-27,I,2
6,2020-10-27,I,1
7,2020-10-28,I,24
6,2020-10-28,I,5
4,2020-10-28,I,3
3,2020-10-28,I,1
5,2020-10-28,I,1
7,2020-10-29,I,39
5,2020-10-29,I,6
6,2020-10-29,I,2
4,2020-10-29,I,1
7,2020-10-30,I,30
5,2020-10-30,I,7
6,2020-10-30,I,6
4,2020-10-30,I,2
3,2020-10-30,I,1
7,2020-10-31,I,23
6,2020-10-31,I,8
5,2020-10-31,I,5
2,2020-10-31,I,2
3,2020-10-31,I,2
4,2020-10-31,I,2
7,2020-11-01,I,30
6,2020-11-01,I,7
5,2020-11-01,I,5
4,2020-11-01,I,3
7,2020-11-02,I,29
6,2020-11-02,I,9
5,2020-11-02,I,5
4,2020-11-02,I,1
7,2020-11-03,I,28
5,2020-11-03,I,9
6,2020-11-03,I,5
3,2020-11-03,I,1
4,2020-11-03,I,1
7,2020-11-04,I,26
6,2020-11-04,I,7
4,2020-11-04,I,4
5,2020-11-04,I,4
1,2020-11-04,I,1
3,2020-11-04,I,1
7,2020-11-05,I,30
5,2020-11-05,I,11
6,2020-11-05,I,4
4,2020-11-05,I,2
7,2020-11-06,I,35
5,2020-11-06,I,7
6,2020-11-06,I,4
4,2020-11-06,I,3
3,2020-11-06,I,1
7,2020-11-07,I,21
6,2020-11-07,I,6
5,2020-11-07,I,5
3,2020-11-07,I,1
4,2020-11-07,I,1
7,2020-11-08,I,28
5,2020-11-08,I,9
6,2020-11-08,I,3
7,2020-11-09,I,19
5,2020-11-09,I,10
6,2020-11-09,I,6
4,2020-11-09,I,3
3,2020-11-09,I,1
7,2020-11-10,I,29
5,2020-11-10,I,5
6,2020-11-10,I,5
3,2020-11-10,I,1
4,2020-11-10,I,1
7,2020-11-11,I,30
6,2020-11-11,I,6
5,2020-11-11,I,5
4,2020-11-11,I,4
7,2020-11-12,I,32
5,2020-11-12,I,6
4,2020-11-12,I,2
2,2020-11-12,I,1
7,2020-11-13,I,29
6,2020-11-13,I,7
5,2020-11-13,I,4
4,2020-11-13,I,3
7,2020-11-14,I,23
5,2020-11-14,I,8
3,2020-11-14,I,1
4,2020-11-14,I,1
6,2020-11-14,I,1
7,2020-11-15,I,17
6,2020-11-15,I,3
5,2020-11-15,I,2
3,2020-11-15,I,1
4,2020-11-15,I,1
7,2020-11-16,I,22
6,2020-11-16,I,10
5,2020-11-16,I,5
3,2020-11-16,I,1
4,2020-11-16,I,1
7,2020-11-17,I,29
6,2020-11-17,I,8
5,2020-11-17,I,2
1,2020-11-17,I,1
3,2020-11-17,I,1
4,2020-11-17,I,1
7,2020-11-18,I,27
5,2020-11-18,I,7
6,2020-11-18,I,3
4,2020-11-18,I,2
7,2020-11-19,I,25
5,2020-11-19,I,7
6,2020-11-19,I,5
4,2020-11-19,I,4
3,2020-11-19,I,1
7,2020-11-20,I,28
6,2020-11-20,I,5
5,2020-11-20,I,3
3,2020-11-20,I,2
4,2020-11-20,I,1
7,2020-11-21,I,21
5,2020-11-21,I,4
6,2020-11-21,I,3
3,2020-11-21,I,1
7,2020-11-22,I,17
6,2020-11-22,I,5
5,2020-11-22,I,3
7,2020-11-23,I,26
6,2020-11-23,I,7
5,2020-11-23,I,4
4,2020-11-23,I,1
7,2020-11-24,I,25
5,2020-11-24,I,7
4,2020-11-24,I,3
7,2020-11-25,I,25
6,2020-11-25,I,5
4,2020-11-25,I,3
5,2020-11-25,I,3
7,2020-11-26,I,18
4,2020-11-26,I,2
2,2020-11-26,I,1
6,2020-11-26,I,1
7,2020-11-27,I,20
6,2020-11-27,I,4
5,2020-11-27,I,3
4,2020-11-27,I,1
7,2020-11-28,I,22
6,2020-11-28,I,5
4,2020-11-28,I,3
3,2020-11-28,I,1
5,2020-11-28,I,1
7,2020-11-29,I,13
5,2020-11-29,I,5
4,2020-11-29,I,2
6,2020-11-29,I,2
7,2020-11-30,I,18
6,2020-11-30,I,5
5,2020-11-30,I,3
3,2020-11-30,I,1
7,2020-12-01,I,20
5,2020-12-01,I,4
4,2020-12-01,I,2
6,2020-12-01,I,2
7,2020-12-02,I,17
5,2020-12-02,I,3
4,2020-12-02,I,1
6,2020-12-02,I,1
7,2020-12-03,I,20
5,2020-12-03,I,3
6,2020-12-03,I,2
4,2020-12-03,I,1
7,2020-12-04,I,27
6,2020-12-04,I,5
5,2020-12-04,I,4
4,2020-12-04,I,1
7,2020-12-05,I,16
5,2020-12-05,I,3
6,2020-12-05,I,1
7,2020-12-06,I,17
6,2020-12-06,I,4
5,2020-12-06,I,1
7,2020-12-07,I,15
6,2020-12-07,I,3
4,2020-12-07,I,1
5,2020-12-07,I,1
7,2020-12-08,I,14
5,2020-12-08,I,2
2,2020-12-08,I,1
4,2020-12-08,I,1
6,2020-12-08,I,1
7,2020-12-09,I,14
4,2020-12-09,I,3
5,2020-12-09,I,3
6,2020-12-09,I,1
7,2020-12-10,I,23
6,2020-12-10,I,2
4,2020-12-10,I,1
7,2020-12-11,I,16
5,2020-12-11,I,5
6,2020-12-11,I,2
4,2020-12-11,I,1
7,2020-12-12,I,12
6,2020-12-12,I,6
5,2020-12-12,I,3
4,2020-12-12,I,2
7,2020-12-13,I,19
6,2020-12-13,I,4
5,2020-12-13,I,3
3,2020-12-13,I,1
7,2020-12-14,I,9
6,2020-12-14,I,4
4,2020-12-14,I,1
5,2020-12-14,I,1
7,2020-12-15,I,18
6,2020-12-15,I,5
3,2020-12-15,I,1
5,2020-12-15,I,1
7,2020-12-16,I,11
5,2020-12-16,I,2
6,2020-12-16,I,2
4,2020-12-16,I,1
7,2020-12-17,I,13
5,2020-12-17,I,5
6,2020-12-17,I,2
4,2020-12-17,I,1
7,2020-12-18,I,14
6,2020-12-18,I,4
4,2020-12-18,I,1
5,2020-12-18,I,1
7,2020-12-19,I,21
5,2020-12-19,I,3
6,2020-12-19,I,3
7,2020-12-20,I,18
5,2020-12-20,I,1
6,2020-12-20,I,1
7,2020-12-21,I,14
5,2020-12-21,I,4
6,2020-12-21,I,3
7,2020-12-22,I,19
4,2020-12-22,I,1
5,2020-12-22,I,1
6,2020-12-22,I,1
7,2020-12-23,I,17
5,2020-12-23,I,2
6,2020-12-23,I,2
2,2020-12-23,I,1
4,2020-12-23,I,1
7,2020-12-24,I,12
5,2020-12-24,I,2
6,2020-12-24,I,2
4,2020-12-24,I,1
7,2020-12-25,I,12
6,2020-12-25,I,3
3,2020-12-25,I,1
4,2020-12-25,I,1
7,2020-12-26,I,23
6,2020-12-26,I,3
5,2020-12-26,I,1
7,2020-12-27,I,13
5,2020-12-27,I,5
6,2020-12-27,I,2
4,2020-12-27,I,1
7,2020-12-28,I,15
6,2020-12-28,I,3
5,2020-12-28,I,2
4,2020-12-28,I,1
7,2020-12-29,I,18
6,2020-12-29,I,3
5,2020-12-29,I,2
3,2020-12-29,I,1
7,2020-12-30,I,15
6,2020-12-30,I,5
3,2020-12-30,I,2
5,2020-12-30,I,2
7,2020-12-31,I,13
6,2020-12-31,I,3
5,2020-12-31,I,1
7,2021-01-01,I,12
5,2021-01-01,I,2
6,2021-01-01,I,2
7,2021-01-02,I,12
5,2021-01-02,I,1
7,2021-01-03,I,11
6,2021-01-03,I,3
4,2021-01-03,I,1
5,2021-01-03,I,1
7,2021-01-04,I,13
4,2021-01-04,I,2
6,2021-01-04,I,2
5,2021-01-04,I,1
7,2021-01-05,I,18
4,2021-01-05,I,2
5,2021-01-05,I,1
7,2021-01-06,I,15
4,2021-01-06,I,2
5,2021-01-06,I,1
6,2021-01-06,I,1
7,2021-01-07,I,22
4,2021-01-07,I,2
6,2021-01-07,I,2
5,2021-01-07,I,1
7,2021-01-08,I,15
5,2021-01-08,I,2
6,2021-01-08,I,2
3,2021-01-08,I,1
7,2021-01-09,I,10
7,2021-01-10,I,10
4,2021-01-10,I,2
6,2021-01-10,I,2
7,2021-01-11,I,8
3,2021-01-11,I,1
6,2021-01-11,I,1
7,2021-01-12,I,4
6,2021-01-12,I,3
1,2021-01-12,I,1
2,2021-01-12,I,1
7,2021-01-13,I,11
7,2021-01-14,I,7
5,2021-01-14,I,2
4,2021-01-14,I,1
6,2021-01-14,I,1
6,2021-01-15,I,2
7,2021-01-15,I,2
2,2021-01-15,I,1
5,2021-01-15,I,1
7,2021-01-16,I,2
4,2021-01-16,I,1
7,2021-01-17,I,3
4,2021-01-17,I,1
5,2021-01-17,I,1
