wojewodztwo;powiat_miasto;liczba_szczepien_ogolem;liczba_szczepien_dziennie;dawka_2_ogolem;dawka_2_dziennie;teryt
woj_puste;pow_puste;598;104;75;74;t00
dolnośląskie;bolesławiecki;6267;419;2045;252;t0201
dolnośląskie;dzierżoniowski;4829;413;1559;315;t0202
dolnośląskie;głogowski;3832;270;1194;107;t0203
dolnośląskie;górowski;963;36;144;24;t0204
dolnośląskie;jaworski;2546;191;735;133;t0205
dolnośląskie;jeleniogórski;3103;237;705;145;t0206
dolnośląskie;kamiennogórski;2258;232;717;150;t0207
dolnośląskie;kłodzki;13127;1091;4320;573;t0208
dolnośląskie;legnicki;866;78;66;54;t0209
dolnośląskie;lubański;2188;126;752;94;t0210
dolnośląskie;lubiński;9075;585;2875;340;t0211
dolnośląskie;lwówecki;2369;240;754;132;t0212
dolnośląskie;milicki;2457;243;735;169;t0213
dolnośląskie;oleśnicki;3748;197;1280;144;t0214
dolnośląskie;oławski;4238;283;1212;172;t0215
dolnośląskie;polkowicki;669;116;89;89;t0216
dolnośląskie;strzeliński;1974;227;227;71;t0217
dolnośląskie;średzki;1251;154;322;51;t0218
dolnośląskie;świdnicki;7569;505;2324;202;t0219
dolnośląskie;trzebnicki;4979;216;1578;100;t0220
dolnośląskie;wałbrzyski;2792;132;865;78;t0221
dolnośląskie;wołowski;2405;259;762;152;t0222
dolnośląskie;wrocławski;3715;495;558;202;t0223
dolnośląskie;ząbkowicki;4170;268;1446;69;t0224
dolnośląskie;zgorzelecki;6103;302;2192;127;t0225
dolnośląskie;złotoryjski;1607;67;467;18;t0226
dolnośląskie;Jelenia Góra;6312;300;2362;211;t0261
dolnośląskie;Legnica;6750;273;2707;139;t0262
dolnośląskie;Wrocław;79636;3382;29684;1749;t0264
dolnośląskie;Wałbrzych;16148;792;4016;421;t0265
kujawsko-pomorskie;aleksandrowski;6403;558;1791;294;t0401
kujawsko-pomorskie;brodnicki;3456;403;991;196;t0402
kujawsko-pomorskie;bydgoski;2429;440;473;202;t0403
kujawsko-pomorskie;chełmiński;2370;157;643;87;t0404
kujawsko-pomorskie;golubsko-dobrzyński;1668;101;505;76;t0405
kujawsko-pomorskie;grudziądzki;813;84;138;43;t0406
kujawsko-pomorskie;inowrocławski;7617;618;2426;438;t0407
kujawsko-pomorskie;lipnowski;3059;287;895;114;t0408
kujawsko-pomorskie;mogileński;1552;106;474;67;t0409
kujawsko-pomorskie;nakielski;2039;207;615;124;t0410
kujawsko-pomorskie;radziejowski;2351;117;760;55;t0411
kujawsko-pomorskie;rypiński;1685;184;493;97;t0412
kujawsko-pomorskie;sępoleński;3246;300;947;117;t0413
kujawsko-pomorskie;świecki;4271;457;1276;310;t0414
kujawsko-pomorskie;toruński;2542;175;611;97;t0415
kujawsko-pomorskie;tucholski;1742;134;392;35;t0416
kujawsko-pomorskie;wąbrzeski;1611;177;292;77;t0417
kujawsko-pomorskie;włocławski;2571;238;636;176;t0418
kujawsko-pomorskie;żniński;3027;209;949;105;t0419
kujawsko-pomorskie;Bydgoszcz;35874;1594;13595;1093;t0461
kujawsko-pomorskie;Grudziądz;6215;207;2306;93;t0462
kujawsko-pomorskie;Toruń;14635;541;5277;180;t0463
kujawsko-pomorskie;Włocławek;6022;390;2342;185;t0464
lubelskie;bialski;3614;207;693;136;t0601
lubelskie;biłgorajski;3813;296;950;211;t0602
lubelskie;chełmski;1529;115;130;41;t0603
lubelskie;hrubieszowski;2951;283;724;112;t0604
lubelskie;janowski;3235;193;1062;156;t0605
lubelskie;krasnostawski;3689;237;1153;142;t0606
lubelskie;kraśnicki;4234;225;1206;152;t0607
lubelskie;lubartowski;4004;261;1413;143;t0608
lubelskie;lubelski;5269;537;1263;275;t0609
lubelskie;łęczyński;3419;307;930;218;t0610
lubelskie;łukowski;4192;327;1097;181;t0611
lubelskie;opolski;2471;231;645;114;t0612
lubelskie;parczewski;2408;160;683;52;t0613
lubelskie;puławski;8749;602;2916;254;t0614
lubelskie;radzyński;3035;256;778;85;t0615
lubelskie;rycki;2883;372;679;252;t0616
lubelskie;świdnicki;3126;170;929;128;t0617
lubelskie;tomaszowski;4191;252;1309;156;t0618
lubelskie;włodawski;2603;182;787;110;t0619
lubelskie;zamojski;3423;278;702;159;t0620
lubelskie;Biała Podlaska;6438;229;2680;121;t0661
lubelskie;Chełm;4554;282;1629;143;t0662
lubelskie;Lublin;47096;2062;16019;1091;t0663
lubelskie;Zamość;6142;381;1995;124;t0664
lubuskie;gorzowski;2192;313;390;121;t0801
lubuskie;krośnieński;2760;200;731;125;t0802
lubuskie;międzyrzecki;4620;208;1646;149;t0803
lubuskie;nowosolski;5021;389;1712;293;t0804
lubuskie;słubicki;2009;227;514;149;t0805
lubuskie;strzelecko-drezdenecki;2587;286;737;199;t0806
lubuskie;sulęciński;1989;144;661;96;t0807
lubuskie;świebodziński;4014;315;1352;223;t0808
lubuskie;zielonogórski;3759;354;1095;182;t0809
lubuskie;żagański;2504;310;690;200;t0810
lubuskie;żarski;6541;645;2319;473;t0811
lubuskie;wschowski;1461;48;459;28;t0812
lubuskie;Gorzów Wielkopolski;8906;440;3144;248;t0861
lubuskie;Zielona Góra;11218;708;3142;539;t0862
łódzkie;bełchatowski;5035;466;1636;248;t1001
łódzkie;kutnowski;5170;361;1782;200;t1002
łódzkie;łaski;1592;154;437;67;t1003
łódzkie;łęczycki;3644;246;1182;88;t1004
łódzkie;łowicki;7585;443;2299;256;t1005
łódzkie;łódzki wschodni;1875;286;323;177;t1006
łódzkie;opoczyński;3198;282;959;121;t1007
łódzkie;pabianicki;5861;411;1862;254;t1008
łódzkie;pajęczański;1626;98;486;18;t1009
łódzkie;piotrkowski;1778;125;314;52;t1010
łódzkie;poddębicki;1924;107;658;77;t1011
łódzkie;radomszczański;6217;262;2243;171;t1012
łódzkie;rawski;1882;218;631;153;t1013
łódzkie;sieradzki;5498;372;1921;229;t1014
łódzkie;skierniewicki;640;48;18;18;t1015
łódzkie;tomaszowski;5334;229;1625;109;t1016
łódzkie;wieluński;3655;469;1026;310;t1017
łódzkie;wieruszowski;2048;411;631;337;t1018
łódzkie;zduńskowolski;3037;219;929;84;t1019
łódzkie;zgierski;8686;307;3196;132;t1020
łódzkie;brzeziński;2664;209;608;94;t1021
łódzkie;Łódź;77558;3718;28880;1739;t1061
łódzkie;Piotrków Trybunalski;5544;371;1947;168;t1062
łódzkie;Skierniewice;4478;165;1530;103;t1063
małopolskie;bocheński;3247;285;941;149;t1201
małopolskie;brzeski;4175;355;1148;178;t1202
małopolskie;chrzanowski;6184;359;1581;137;t1203
małopolskie;dąbrowski;3061;214;1010;105;t1204
małopolskie;gorlicki;6172;306;1832;206;t1205
małopolskie;krakowski;6350;766;1268;376;t1206
małopolskie;limanowski;5189;514;1542;315;t1207
małopolskie;miechowski;4444;337;1289;124;t1208
małopolskie;myślenicki;4153;379;1060;138;t1209
małopolskie;nowosądecki;5722;568;1293;388;t1210
małopolskie;nowotarski;8022;675;2386;437;t1211
małopolskie;olkuski;4300;360;1398;277;t1212
małopolskie;oświęcimski;5363;249;1585;141;t1213
małopolskie;proszowicki;2243;132;810;112;t1214
małopolskie;suski;4863;383;1345;196;t1215
małopolskie;tarnowski;4397;333;1001;215;t1216
małopolskie;tatrzański;3248;133;1078;95;t1217
małopolskie;wadowicki;4160;306;1215;240;t1218
małopolskie;wielicki;2135;249;439;104;t1219
małopolskie;Kraków;94879;5025;31868;2732;t1261
małopolskie;Nowy Sącz;4225;217;1560;131;t1262
małopolskie;Tarnów;9200;380;3807;159;t1263
mazowieckie;białobrzeski;1363;94;331;46;t1401
mazowieckie;ciechanowski;6754;412;2145;258;t1402
mazowieckie;garwoliński;3760;373;838;144;t1403
mazowieckie;gostyniński;2189;219;704;155;t1404
mazowieckie;grodziski;7657;497;2705;148;t1405
mazowieckie;grójecki;5261;281;1682;217;t1406
mazowieckie;kozienicki;2587;273;624;153;t1407
mazowieckie;legionowski;2347;338;506;136;t1408
mazowieckie;lipski;2135;199;490;90;t1409
mazowieckie;łosicki;1243;128;228;51;t1410
mazowieckie;makowski;2557;256;523;113;t1411
mazowieckie;miński;5019;432;1484;223;t1412
mazowieckie;mławski;3565;329;1021;121;t1413
mazowieckie;nowodworski;7979;299;3324;148;t1414
mazowieckie;ostrołęcki;2381;360;353;229;t1415
mazowieckie;ostrowski;3571;333;1205;211;t1416
mazowieckie;otwocki;10024;368;4145;178;t1417
mazowieckie;piaseczyński;11158;606;3777;392;t1418
mazowieckie;płocki;4445;395;1275;249;t1419
mazowieckie;płoński;4212;438;1240;250;t1420
mazowieckie;pruszkowski;8511;441;3369;180;t1421
mazowieckie;przasnyski;3244;202;979;119;t1422
mazowieckie;przysuski;1806;185;481;119;t1423
mazowieckie;pułtuski;3507;272;833;119;t1424
mazowieckie;radomski;4432;520;1210;345;t1425
mazowieckie;siedlecki;1657;185;234;96;t1426
mazowieckie;sierpecki;2359;248;673;111;t1427
mazowieckie;sochaczewski;3290;155;1068;47;t1428
mazowieckie;sokołowski;2931;225;849;111;t1429
mazowieckie;szydłowiecki;1289;120;361;86;t1430
mazowieckie;warszawski zachodni;4977;462;1632;276;t1432
mazowieckie;węgrowski;2914;278;847;141;t1433
mazowieckie;wołomiński;10162;611;3562;194;t1434
mazowieckie;wyszkowski;4472;452;1470;322;t1435
mazowieckie;zwoleński;1524;117;335;38;t1436
mazowieckie;żuromiński;1973;197;534;79;t1437
mazowieckie;żyrardowski;3544;282;721;214;t1438
mazowieckie;Ostrołęka;6106;437;1790;229;t1461
mazowieckie;Płock;10330;584;2880;495;t1462
mazowieckie;Radom;16480;1099;5005;786;t1463
mazowieckie;Siedlce;6950;335;2087;185;t1464
mazowieckie;Warszawa;188113;9290;67994;4483;t1465
opolskie;brzeski;4232;486;1161;281;t1601
opolskie;głubczycki;4826;292;1813;260;t1602
opolskie;kędzierzyńsko-kozielski;5345;401;1756;178;t1603
opolskie;kluczborski;3139;193;1031;48;t1604
opolskie;krapkowicki;4025;277;1308;109;t1605
opolskie;namysłowski;1921;161;581;90;t1606
opolskie;nyski;7737;504;2757;172;t1607
opolskie;oleski;2949;311;760;195;t1608
opolskie;opolski;3978;383;983;239;t1609
opolskie;prudnicki;3211;176;1135;53;t1610
opolskie;strzelecki;3953;287;1373;114;t1611
opolskie;Opole;18104;956;6245;585;t1661
podkarpackie;bieszczadzki;1038;28;272;8;t1801
podkarpackie;brzozowski;4191;236;1382;163;t1802
podkarpackie;dębicki;4617;213;1421;135;t1803
podkarpackie;jarosławski;3337;197;1090;158;t1804
podkarpackie;jasielski;4203;397;1017;346;t1805
podkarpackie;kolbuszowski;1811;138;361;25;t1806
podkarpackie;krośnieński;3431;367;605;213;t1807
podkarpackie;leżajski;3043;163;810;101;t1808
podkarpackie;lubaczowski;3815;142;1325;54;t1809
podkarpackie;łańcucki;3762;204;1194;138;t1810
podkarpackie;mielecki;5074;389;1297;297;t1811
podkarpackie;niżański;2771;237;653;149;t1812
podkarpackie;przemyski;1008;126;155;57;t1813
podkarpackie;przeworski;2911;325;810;188;t1814
podkarpackie;ropczycko-sędziszowski;2718;206;687;168;t1815
podkarpackie;rzeszowski;4607;372;710;214;t1816
podkarpackie;sanocki;2537;220;705;66;t1817
podkarpackie;stalowowolski;6577;478;1970;263;t1818
podkarpackie;strzyżowski;2498;260;575;166;t1819
podkarpackie;tarnobrzeski;1639;132;527;99;t1820
podkarpackie;leski;957;48;239;0;t1821
podkarpackie;Krosno;3214;245;1209;184;t1861
podkarpackie;Przemyśl;5405;182;1955;147;t1862
podkarpackie;Rzeszów;31490;1518;10486;934;t1863
podkarpackie;Tarnobrzeg;4085;232;1367;80;t1864
podlaskie;augustowski;2772;208;829;153;t2001
podlaskie;białostocki;7058;348;2102;179;t2002
podlaskie;bielski;3621;298;888;163;t2003
podlaskie;grajewski;1737;142;431;18;t2004
podlaskie;hajnowski;3272;264;935;156;t2005
podlaskie;kolneński;2206;158;536;88;t2006
podlaskie;łomżyński;683;190;59;36;t2007
podlaskie;moniecki;2033;166;436;79;t2008
podlaskie;sejneński;1171;97;326;77;t2009
podlaskie;siemiatycki;2106;216;546;109;t2010
podlaskie;sokólski;3079;317;709;166;t2011
podlaskie;suwalski;588;142;79;79;t2012
podlaskie;wysokomazowiecki;3989;416;1004;221;t2013
podlaskie;zambrowski;1508;102;438;42;t2014
podlaskie;Białystok;32554;1833;11568;1051;t2061
podlaskie;Łomża;4506;390;1429;274;t2062
podlaskie;Suwałki;4043;240;1350;158;t2063
pomorskie;bytowski;5504;318;1527;133;t2201
pomorskie;chojnicki;3484;309;869;123;t2202
pomorskie;człuchowski;2816;242;841;65;t2203
pomorskie;gdański;2833;290;650;99;t2204
pomorskie;kartuski;5946;359;2026;111;t2205
pomorskie;kościerski;4943;365;1845;159;t2206
pomorskie;kwidzyński;4225;171;1653;102;t2207
pomorskie;lęborski;3982;214;1064;127;t2208
pomorskie;malborski;3120;209;900;71;t2209
pomorskie;nowodworski;1985;155;497;122;t2210
pomorskie;pucki;3118;239;902;128;t2211
pomorskie;słupski;2098;151;455;95;t2212
pomorskie;starogardzki;7124;685;2391;368;t2213
pomorskie;tczewski;6116;197;2445;113;t2214
pomorskie;wejherowski;9956;714;3300;267;t2215
pomorskie;sztumski;2540;302;686;77;t2216
pomorskie;Gdańsk;54987;2456;21057;1245;t2261
pomorskie;Gdynia;20890;966;7022;559;t2262
pomorskie;Słupsk;4729;412;1682;241;t2263
pomorskie;Sopot;3715;529;958;259;t2264
śląskie;będziński;5834;231;2159;117;t2401
śląskie;bielski;5013;461;1293;224;t2402
śląskie;cieszyński;10658;703;3569;384;t2403
śląskie;częstochowski;3402;373;637;161;t2404
śląskie;gliwicki;7441;285;2546;157;t2405
śląskie;kłobucki;3664;133;1212;79;t2406
śląskie;lubliniecki;4252;247;1444;139;t2407
śląskie;mikołowski;4476;204;1651;89;t2408
śląskie;myszkowski;3810;262;1208;133;t2409
śląskie;pszczyński;1922;182;353;94;t2410
śląskie;raciborski;5707;358;1724;161;t2411
śląskie;rybnicki;717;62;139;37;t2412
śląskie;tarnogórski;9537;686;3390;406;t2413
śląskie;bieruńsko-lędziński;1265;146;187;77;t2414
śląskie;wodzisławski;4965;354;1441;249;t2415
śląskie;zawierciański;4300;456;1032;290;t2416
śląskie;żywiecki;5700;573;1619;327;t2417
śląskie;Bielsko-Biała;14050;848;5298;234;t2461
śląskie;Bytom;8734;580;3212;396;t2462
śląskie;Chorzów;10258;583;2853;447;t2463
śląskie;Częstochowa;13832;1093;4790;552;t2464
śląskie;Dąbrowa Górnicza;6024;197;2483;6;t2465
śląskie;Gliwice;11655;923;4198;635;t2466
śląskie;Jastrzębie-Zdrój;6323;152;2736;71;t2467
śląskie;Jaworzno;3514;261;848;212;t2468
śląskie;Katowice;44814;2351;15729;1400;t2469
śląskie;Mysłowice;3565;332;684;95;t2470
śląskie;Piekary Śląskie;2771;131;1047;64;t2471
śląskie;Ruda Śląska;8229;292;3079;197;t2472
śląskie;Rybnik;4821;218;1765;90;t2473
śląskie;Siemianowice Śląskie;4952;356;1830;224;t2474
śląskie;Sosnowiec;9106;547;3013;233;t2475
śląskie;Świętochłowice;2951;170;1020;90;t2476
śląskie;Tychy;8545;480;3196;320;t2477
śląskie;Zabrze;11967;466;4401;329;t2478
śląskie;Żory;2211;283;646;143;t2479
świętokrzyskie;buski;5393;241;2065;121;t2601
świętokrzyskie;jędrzejowski;2868;193;669;123;t2602
świętokrzyskie;kazimierski;1440;127;397;46;t2603
świętokrzyskie;kielecki;5877;461;1402;199;t2604
świętokrzyskie;konecki;4235;293;1499;156;t2605
świętokrzyskie;opatowski;2097;126;349;40;t2606
świętokrzyskie;ostrowiecki;4182;429;842;161;t2607
świętokrzyskie;pińczowski;1938;53;559;24;t2608
świętokrzyskie;sandomierski;4294;399;1132;205;t2609
świętokrzyskie;skarżyski;2829;112;916;112;t2610
świętokrzyskie;starachowicki;4077;276;1527;183;t2611
świętokrzyskie;staszowski;3388;281;1052;224;t2612
świętokrzyskie;włoszczowski;2876;249;867;106;t2613
świętokrzyskie;Kielce;22097;905;8082;507;t2661
warmińsko-mazurskie;bartoszycki;3556;350;1221;148;t2801
warmińsko-mazurskie;braniewski;2181;239;616;137;t2802
warmińsko-mazurskie;działdowski;2916;245;884;102;t2803
warmińsko-mazurskie;elbląski;1513;168;266;85;t2804
warmińsko-mazurskie;ełcki;4393;375;1147;177;t2805
warmińsko-mazurskie;giżycki;2410;154;672;56;t2806
warmińsko-mazurskie;iławski;3565;293;989;195;t2807
warmińsko-mazurskie;kętrzyński;2630;203;877;103;t2808
warmińsko-mazurskie;lidzbarski;2246;190;707;130;t2809
warmińsko-mazurskie;mrągowski;2125;178;694;60;t2810
warmińsko-mazurskie;nidzicki;2341;225;497;118;t2811
warmińsko-mazurskie;nowomiejski;1867;216;563;67;t2812
warmińsko-mazurskie;olecki;1570;90;469;30;t2813
warmińsko-mazurskie;olsztyński;5891;373;1730;167;t2814
warmińsko-mazurskie;ostródzki;4252;358;1407;182;t2815
warmińsko-mazurskie;piski;4256;272;1300;125;t2816
warmińsko-mazurskie;szczycieński;3077;213;813;158;t2817
warmińsko-mazurskie;gołdapski;1100;83;251;53;t2818
warmińsko-mazurskie;węgorzewski;1452;42;499;0;t2819
warmińsko-mazurskie;Elbląg;9318;666;3417;433;t2861
warmińsko-mazurskie;Olsztyn;19750;1071;6346;343;t2862
wielkopolskie;chodzieski;2083;151;499;137;t3001
wielkopolskie;czarnkowsko-trzcianecki;4199;252;1301;137;t3002
wielkopolskie;gnieźnieński;7525;480;2392;171;t3003
wielkopolskie;gostyński;4496;352;1356;267;t3004
wielkopolskie;grodziski;1667;173;377;96;t3005
wielkopolskie;jarociński;2788;250;762;120;t3006
wielkopolskie;kaliski;2062;262;390;127;t3007
wielkopolskie;kępiński;2429;229;693;154;t3008
wielkopolskie;kolski;2865;120;794;61;t3009
wielkopolskie;koniński;2996;581;451;255;t3010
wielkopolskie;kościański;2937;131;1185;83;t3011
wielkopolskie;krotoszyński;3646;231;1007;111;t3012
wielkopolskie;leszczyński;799;142;75;57;t3013
wielkopolskie;międzychodzki;2490;114;840;18;t3014
wielkopolskie;nowotomyski;2606;250;514;44;t3015
wielkopolskie;obornicki;3811;394;1031;186;t3016
wielkopolskie;ostrowski;6013;665;1604;301;t3017
wielkopolskie;ostrzeszowski;2745;200;805;117;t3018
wielkopolskie;pilski;5549;534;1690;323;t3019
wielkopolskie;pleszewski;5111;328;1730;184;t3020
wielkopolskie;poznański;7253;554;1855;238;t3021
wielkopolskie;rawicki;3335;208;1201;58;t3022
wielkopolskie;słupecki;4615;187;1856;75;t3023
wielkopolskie;szamotulski;5237;359;1992;253;t3024
wielkopolskie;średzki;2379;123;739;19;t3025
wielkopolskie;śremski;4443;367;1681;284;t3026
wielkopolskie;turecki;3346;335;1057;213;t3027
wielkopolskie;wągrowiecki;1411;105;567;78;t3028
wielkopolskie;wolsztyński;2724;153;925;131;t3029
wielkopolskie;wrzesiński;2015;219;329;87;t3030
wielkopolskie;złotowski;2584;206;685;155;t3031
wielkopolskie;Kalisz;6800;274;2706;183;t3061
wielkopolskie;Konin;4525;503;1415;149;t3062
wielkopolskie;Leszno;4538;215;1760;135;t3063
wielkopolskie;Poznań;76359;3561;24873;1332;t3064
zachodniopomorskie;białogardzki;1801;123;508;87;t3201
zachodniopomorskie;choszczeński;2231;276;560;95;t3202
zachodniopomorskie;drawski;2770;430;679;285;t3203
zachodniopomorskie;goleniowski;4000;344;1260;261;t3204
zachodniopomorskie;gryficki;2967;138;457;48;t3205
zachodniopomorskie;gryfiński;3677;299;1230;212;t3206
zachodniopomorskie;kamieński;1935;203;448;101;t3207
zachodniopomorskie;kołobrzeski;4287;203;1044;102;t3208
zachodniopomorskie;koszaliński;2274;151;565;93;t3209
zachodniopomorskie;myśliborski;2550;228;859;138;t3210
zachodniopomorskie;policki;2171;208;564;85;t3211
zachodniopomorskie;pyrzycki;1598;115;466;72;t3212
zachodniopomorskie;sławieński;2303;190;675;41;t3213
zachodniopomorskie;stargardzki;4042;428;1000;288;t3214
zachodniopomorskie;szczecinecki;4449;130;1325;42;t3215
zachodniopomorskie;świdwiński;1533;141;521;47;t3216
zachodniopomorskie;wałecki;2279;177;733;91;t3217
zachodniopomorskie;łobeski;836;12;180;12;t3218
zachodniopomorskie;Koszalin;7483;348;2597;129;t3261
zachodniopomorskie;Szczecin;44825;1461;14297;944;t3262
zachodniopomorskie;Świnoujście;2791;107;989;31;t3263
Cały kraj;;2384794;150118;774060;80517;t0000
