wojewodztwo;powiat_miasto;liczba_szczepien_ogolem;liczba_szczepien_dziennie;dawka_2_ogolem;dawka_2_dziennie;teryt
woj_puste;pow_puste;3603;0;715;0;t00
dolnośląskie;bolesławiecki;9190;169;3399;0;t0201
dolnośląskie;dzierżoniowski;8016;195;3021;16;t0202
dolnośląskie;głogowski;7462;41;2391;12;t0203
dolnośląskie;górowski;2189;30;817;6;t0204
dolnośląskie;jaworski;4332;0;1592;0;t0205
dolnośląskie;jeleniogórski;5912;65;2088;23;t0206
dolnośląskie;kamiennogórski;3576;32;1357;0;t0207
dolnośląskie;kłodzki;20153;314;7779;85;t0208
dolnośląskie;legnicki;2414;0;871;0;t0209
dolnośląskie;lubański;3717;108;1265;18;t0210
dolnośląskie;lubiński;15374;324;5370;13;t0211
dolnośląskie;lwówecki;3786;18;1316;12;t0212
dolnośląskie;milicki;4145;66;1463;0;t0213
dolnośląskie;oleśnicki;6972;94;2498;0;t0214
dolnośląskie;oławski;7535;120;2481;6;t0215
dolnośląskie;polkowicki;1632;22;533;0;t0216
dolnośląskie;strzeliński;4406;88;1589;7;t0217
dolnośląskie;średzki;2380;36;767;0;t0218
dolnośląskie;świdnicki;12684;131;4436;23;t0219
dolnośląskie;trzebnicki;8395;272;3055;69;t0220
dolnośląskie;wałbrzyski;4680;103;1891;15;t0221
dolnośląskie;wołowski;4474;48;1560;1;t0222
dolnośląskie;wrocławski;8108;191;2619;42;t0223
dolnośląskie;ząbkowicki;6836;27;2464;12;t0224
dolnośląskie;zgorzelecki;9109;127;3545;6;t0225
dolnośląskie;złotoryjski;3299;91;1045;32;t0226
dolnośląskie;Jelenia Góra;10494;152;3750;13;t0261
dolnośląskie;Legnica;10233;132;3578;20;t0262
dolnośląskie;Wrocław;126250;1561;44604;114;t0264
dolnośląskie;Wałbrzych;30859;891;11309;97;t0265
kujawsko-pomorskie;aleksandrowski;20023;417;7556;25;t0401
kujawsko-pomorskie;brodnicki;6496;66;2112;11;t0402
kujawsko-pomorskie;bydgoski;4827;48;1633;0;t0403
kujawsko-pomorskie;chełmiński;4077;85;1526;0;t0404
kujawsko-pomorskie;golubsko-dobrzyński;2993;48;1016;18;t0405
kujawsko-pomorskie;grudziądzki;1627;19;609;0;t0406
kujawsko-pomorskie;inowrocławski;13518;354;4682;21;t0407
kujawsko-pomorskie;lipnowski;5443;165;1866;33;t0408
kujawsko-pomorskie;mogileński;2969;17;988;10;t0409
kujawsko-pomorskie;nakielski;4084;43;1195;0;t0410
kujawsko-pomorskie;radziejowski;3710;52;1363;0;t0411
kujawsko-pomorskie;rypiński;3296;12;903;0;t0412
kujawsko-pomorskie;sępoleński;5389;59;1905;7;t0413
kujawsko-pomorskie;świecki;7224;24;2777;0;t0414
kujawsko-pomorskie;toruński;5360;118;1858;37;t0415
kujawsko-pomorskie;tucholski;3575;32;1191;6;t0416
kujawsko-pomorskie;wąbrzeski;3267;155;1090;35;t0417
kujawsko-pomorskie;włocławski;4939;48;1842;0;t0418
kujawsko-pomorskie;żniński;5051;72;1768;0;t0419
kujawsko-pomorskie;Bydgoszcz;53775;689;20069;14;t0461
kujawsko-pomorskie;Grudziądz;9900;398;3333;13;t0462
kujawsko-pomorskie;Toruń;22981;252;8403;12;t0463
kujawsko-pomorskie;Włocławek;9476;175;3420;44;t0464
lubelskie;bialski;7563;64;2587;9;t0601
lubelskie;biłgorajski;7301;54;2635;0;t0602
lubelskie;chełmski;3506;71;1291;0;t0603
lubelskie;hrubieszowski;5699;127;1847;12;t0604
lubelskie;janowski;5335;70;2013;0;t0605
lubelskie;krasnostawski;5900;39;2251;1;t0606
lubelskie;kraśnicki;7352;97;2819;6;t0607
lubelskie;lubartowski;7109;157;2503;20;t0608
lubelskie;lubelski;9703;76;3370;29;t0609
lubelskie;łęczyński;5576;37;2076;2;t0610
lubelskie;łukowski;7832;78;2576;35;t0611
lubelskie;opolski;5064;65;1702;0;t0612
lubelskie;parczewski;4053;18;1544;0;t0613
lubelskie;puławski;13456;84;5056;29;t0614
lubelskie;radzyński;5279;12;1937;0;t0615
lubelskie;rycki;6301;52;1931;0;t0616
lubelskie;świdnicki;5670;98;2127;13;t0617
lubelskie;tomaszowski;7142;144;2585;106;t0618
lubelskie;włodawski;4677;64;1618;1;t0619
lubelskie;zamojski;6414;94;2435;13;t0620
lubelskie;Biała Podlaska;9340;137;3606;12;t0661
lubelskie;Chełm;7551;66;2471;0;t0662
lubelskie;Lublin;75801;1366;27492;70;t0663
lubelskie;Zamość;10119;135;3425;22;t0664
lubuskie;gorzowski;4107;30;1372;0;t0801
lubuskie;krośnieński;5177;53;1808;0;t0802
lubuskie;międzyrzecki;7370;54;2628;0;t0803
lubuskie;nowosolski;8335;6;2995;0;t0804
lubuskie;słubicki;3581;104;1215;6;t0805
lubuskie;strzelecko-drezdenecki;4439;33;1551;12;t0806
lubuskie;sulęciński;3211;91;1135;0;t0807
lubuskie;świebodziński;5940;30;2309;0;t0808
lubuskie;zielonogórski;6635;89;2383;11;t0809
lubuskie;żagański;4805;144;1706;45;t0810
lubuskie;żarski;10654;76;3769;2;t0811
lubuskie;wschowski;2429;6;781;0;t0812
lubuskie;Gorzów Wielkopolski;14617;192;5357;37;t0861
lubuskie;Zielona Góra;18520;441;7487;20;t0862
łódzkie;bełchatowski;8128;115;3005;0;t1001
łódzkie;kutnowski;8951;161;3429;12;t1002
łódzkie;łaski;3206;0;1015;0;t1003
łódzkie;łęczycki;6046;46;2157;12;t1004
łódzkie;łowicki;12274;206;4578;0;t1005
łódzkie;łódzki wschodni;3114;60;1202;0;t1006
łódzkie;opoczyński;5862;102;1979;25;t1007
łódzkie;pabianicki;10262;234;3390;55;t1008
łódzkie;pajęczański;3003;48;1026;16;t1009
łódzkie;piotrkowski;3875;30;1422;0;t1010
łódzkie;poddębicki;3245;69;1234;11;t1011
łódzkie;radomszczański;10074;107;3915;33;t1012
łódzkie;rawski;3264;107;1234;0;t1013
łódzkie;sieradzki;9026;171;3369;1;t1014
łódzkie;skierniewicki;1809;0;632;0;t1015
łódzkie;tomaszowski;9980;118;3158;1;t1016
łódzkie;wieluński;6906;30;2336;0;t1017
łódzkie;wieruszowski;3616;77;1288;15;t1018
łódzkie;zduńskowolski;5499;120;1858;0;t1019
łódzkie;zgierski;13574;208;4910;95;t1020
łódzkie;brzeziński;5058;54;1772;18;t1021
łódzkie;Łódź;121699;1310;47189;110;t1061
łódzkie;Piotrków Trybunalski;9483;206;3158;63;t1062
łódzkie;Skierniewice;7791;92;2666;4;t1063
małopolskie;bocheński;6153;145;2109;0;t1201
małopolskie;brzeski;7922;175;2627;11;t1202
małopolskie;chrzanowski;11467;231;4055;114;t1203
małopolskie;dąbrowski;4896;47;1711;0;t1204
małopolskie;gorlicki;11242;118;4282;31;t1205
małopolskie;krakowski;11917;75;4467;1;t1206
małopolskie;limanowski;9097;140;3279;10;t1207
małopolskie;miechowski;7738;130;2699;8;t1208
małopolskie;myślenicki;8260;184;2611;1;t1209
małopolskie;nowosądecki;11642;209;4061;0;t1210
małopolskie;nowotarski;14085;237;5209;30;t1211
małopolskie;olkuski;7813;57;2763;23;t1212
małopolskie;oświęcimski;10153;64;3455;0;t1213
małopolskie;proszowicki;3727;0;1374;0;t1214
małopolskie;suski;8100;183;3111;3;t1215
małopolskie;tarnowski;8490;113;3185;29;t1216
małopolskie;tatrzański;5436;106;2085;0;t1217
małopolskie;wadowicki;8153;171;2692;4;t1218
małopolskie;wielicki;4221;64;1406;5;t1219
małopolskie;Kraków;153787;2361;54255;504;t1261
małopolskie;Nowy Sącz;7828;179;2402;0;t1262
małopolskie;Tarnów;14085;265;4902;3;t1263
mazowieckie;białobrzeski;2734;24;963;0;t1401
mazowieckie;ciechanowski;11743;278;4200;57;t1402
mazowieckie;garwoliński;7144;132;2357;6;t1403
mazowieckie;gostyniński;3773;36;1369;19;t1404
mazowieckie;grodziski;11879;82;4143;27;t1405
mazowieckie;grójecki;8995;197;3102;25;t1406
mazowieckie;kozienicki;4561;67;1745;4;t1407
mazowieckie;legionowski;4524;97;1536;13;t1408
mazowieckie;lipski;4128;110;1432;60;t1409
mazowieckie;łosicki;2467;11;798;0;t1410
mazowieckie;makowski;4504;42;1633;19;t1411
mazowieckie;miński;10064;186;2997;14;t1412
mazowieckie;mławski;6580;37;2295;0;t1413
mazowieckie;nowodworski;10983;210;4251;18;t1414
mazowieckie;ostrołęcki;5348;80;1860;12;t1415
mazowieckie;ostrowski;6084;51;2000;0;t1416
mazowieckie;otwocki;13781;199;5633;37;t1417
mazowieckie;piaseczyński;17661;483;6483;168;t1418
mazowieckie;płocki;7551;84;2910;38;t1419
mazowieckie;płoński;7024;38;2563;1;t1420
mazowieckie;pruszkowski;12572;121;4440;2;t1421
mazowieckie;przasnyski;5324;141;1993;52;t1422
mazowieckie;przysuski;3646;134;1207;11;t1423
mazowieckie;pułtuski;6110;124;2101;2;t1424
mazowieckie;radomski;7528;110;2811;2;t1425
mazowieckie;siedlecki;3665;48;1293;10;t1426
mazowieckie;sierpecki;4407;65;1530;1;t1427
mazowieckie;sochaczewski;5904;242;1894;11;t1428
mazowieckie;sokołowski;5609;11;1917;0;t1429
mazowieckie;szydłowiecki;2055;42;856;14;t1430
mazowieckie;warszawski zachodni;8374;125;2944;8;t1432
mazowieckie;węgrowski;5661;57;1977;0;t1433
mazowieckie;wołomiński;16835;256;5982;112;t1434
mazowieckie;wyszkowski;7433;36;2879;1;t1435
mazowieckie;zwoleński;2893;62;1005;12;t1436
mazowieckie;żuromiński;3623;34;1211;10;t1437
mazowieckie;żyrardowski;6427;45;2311;0;t1438
mazowieckie;Ostrołęka;11062;297;3516;16;t1461
mazowieckie;Płock;18519;398;7088;36;t1462
mazowieckie;Radom;28900;650;10459;20;t1463
mazowieckie;Siedlce;14447;389;4275;6;t1464
mazowieckie;Warszawa;305826;5814;109966;803;t1465
opolskie;brzeski;7575;90;2671;26;t1601
opolskie;głubczycki;6356;50;2693;0;t1602
opolskie;kędzierzyńsko-kozielski;9036;119;3261;12;t1603
opolskie;kluczborski;5394;42;1934;18;t1604
opolskie;krapkowicki;6261;51;2404;0;t1605
opolskie;namysłowski;3426;18;1130;5;t1606
opolskie;nyski;11831;230;4412;0;t1607
opolskie;oleski;5851;29;2062;0;t1608
opolskie;opolski;7497;89;2691;6;t1609
opolskie;prudnicki;4861;39;1737;0;t1610
opolskie;strzelecki;6401;32;2381;1;t1611
opolskie;Opole;29096;266;9305;13;t1661
podkarpackie;bieszczadzki;1622;0;652;0;t1801
podkarpackie;brzozowski;6732;0;2558;0;t1802
podkarpackie;dębicki;8908;182;3120;41;t1803
podkarpackie;jarosławski;5567;117;2103;17;t1804
podkarpackie;jasielski;7883;80;3194;0;t1805
podkarpackie;kolbuszowski;3342;72;930;28;t1806
podkarpackie;krośnieński;7231;48;2600;0;t1807
podkarpackie;leżajski;5736;140;2072;10;t1808
podkarpackie;lubaczowski;5809;8;2270;0;t1809
podkarpackie;łańcucki;6461;102;2301;0;t1810
podkarpackie;mielecki;10187;222;3513;29;t1811
podkarpackie;niżański;4846;60;1745;13;t1812
podkarpackie;przemyski;2291;24;743;5;t1813
podkarpackie;przeworski;5151;0;1821;0;t1814
podkarpackie;ropczycko-sędziszowski;5153;118;1846;18;t1815
podkarpackie;rzeszowski;9408;90;3488;13;t1816
podkarpackie;sanocki;5179;108;1600;12;t1817
podkarpackie;stalowowolski;11537;166;4252;47;t1818
podkarpackie;strzyżowski;4788;26;1711;12;t1819
podkarpackie;tarnobrzeski;2484;0;987;0;t1820
podkarpackie;leski;1751;73;536;0;t1821
podkarpackie;Krosno;5884;139;1877;14;t1861
podkarpackie;Przemyśl;8445;85;3220;8;t1862
podkarpackie;Rzeszów;62266;700;22042;55;t1863
podkarpackie;Tarnobrzeg;7262;111;2391;0;t1864
podlaskie;augustowski;5218;6;1816;0;t2001
podlaskie;białostocki;11060;113;4332;25;t2002
podlaskie;bielski;6135;150;2280;91;t2003
podlaskie;grajewski;3081;73;971;12;t2004
podlaskie;hajnowski;5225;30;1975;1;t2005
podlaskie;kolneński;3872;36;1422;1;t2006
podlaskie;łomżyński;1727;30;487;0;t2007
podlaskie;moniecki;3544;65;1475;18;t2008
podlaskie;sejneński;1860;0;736;0;t2009
podlaskie;siemiatycki;3854;55;1345;12;t2010
podlaskie;sokólski;5603;60;1879;0;t2011
podlaskie;suwalski;1312;0;422;0;t2012
podlaskie;wysokomazowiecki;6968;121;2713;14;t2013
podlaskie;zambrowski;2683;17;952;0;t2014
podlaskie;Białystok;55087;828;17479;10;t2061
podlaskie;Łomża;8302;43;2831;31;t2062
podlaskie;Suwałki;6841;30;2397;5;t2063
pomorskie;bytowski;9531;167;3375;2;t2201
pomorskie;chojnicki;7422;136;2370;0;t2202
pomorskie;człuchowski;4741;30;1568;14;t2203
pomorskie;gdański;5210;19;1922;0;t2204
pomorskie;kartuski;9901;24;3497;8;t2205
pomorskie;kościerski;8221;24;2876;0;t2206
pomorskie;kwidzyński;6227;42;2297;6;t2207
pomorskie;lęborski;7358;123;2606;2;t2208
pomorskie;malborski;5898;55;1955;0;t2209
pomorskie;nowodworski;3831;49;1341;0;t2210
pomorskie;pucki;5413;121;1836;13;t2211
pomorskie;słupski;3983;54;1546;9;t2212
pomorskie;starogardzki;11984;158;4350;54;t2213
pomorskie;tczewski;9906;37;3531;12;t2214
pomorskie;wejherowski;17088;283;5836;63;t2215
pomorskie;sztumski;4357;66;1501;0;t2216
pomorskie;Gdańsk;94433;645;33381;119;t2261
pomorskie;Gdynia;34150;742;11947;210;t2262
pomorskie;Słupsk;9284;145;2562;7;t2263
pomorskie;Sopot;17033;487;5776;233;t2264
śląskie;będziński;9246;66;3394;17;t2401
śląskie;bielski;9019;77;3390;2;t2402
śląskie;cieszyński;17296;113;6578;19;t2403
śląskie;częstochowski;7026;74;2366;9;t2404
śląskie;gliwicki;12403;53;4617;3;t2405
śląskie;kłobucki;6710;57;2342;0;t2406
śląskie;lubliniecki;6909;78;2483;6;t2407
śląskie;mikołowski;7264;155;2541;13;t2408
śląskie;myszkowski;6528;110;2281;33;t2409
śląskie;pszczyński;4064;60;1417;0;t2410
śląskie;raciborski;10540;191;3410;6;t2411
śląskie;rybnicki;1816;61;537;0;t2412
śląskie;tarnogórski;16754;280;5640;13;t2413
śląskie;bieruńsko-lędziński;2878;60;989;28;t2414
śląskie;wodzisławski;9636;343;3110;0;t2415
śląskie;zawierciański;8172;122;2787;6;t2416
śląskie;żywiecki;10376;242;3619;17;t2417
śląskie;Bielsko-Biała;23384;405;7931;37;t2461
śląskie;Bytom;13455;99;5001;26;t2462
śląskie;Chorzów;19175;492;5874;279;t2463
śląskie;Częstochowa;24959;620;7568;30;t2464
śląskie;Dąbrowa Górnicza;8735;158;3239;0;t2465
śląskie;Gliwice;19032;142;6714;54;t2466
śląskie;Jastrzębie-Zdrój;8626;64;3484;12;t2467
śląskie;Jaworzno;6385;42;2432;1;t2468
śląskie;Katowice;71352;1306;25808;515;t2469
śląskie;Mysłowice;7099;156;2515;36;t2470
śląskie;Piekary Śląskie;4240;30;1530;1;t2471
śląskie;Ruda Śląska;13225;155;4816;0;t2472
śląskie;Rybnik;8375;338;2681;0;t2473
śląskie;Siemianowice Śląskie;7557;133;2699;20;t2474
śląskie;Sosnowiec;15562;298;5247;43;t2475
śląskie;Świętochłowice;4740;87;1682;6;t2476
śląskie;Tychy;13257;227;4841;4;t2477
śląskie;Zabrze;17623;259;7005;32;t2478
śląskie;Żory;4319;53;1385;12;t2479
świętokrzyskie;buski;8059;149;3004;11;t2601
świętokrzyskie;jędrzejowski;5657;109;1855;0;t2602
świętokrzyskie;kazimierski;2731;0;923;0;t2603
świętokrzyskie;kielecki;10831;145;3905;48;t2604
świętokrzyskie;konecki;6760;82;2516;0;t2605
świętokrzyskie;opatowski;4173;36;1604;0;t2606
świętokrzyskie;ostrowiecki;8213;163;2612;1;t2607
świętokrzyskie;pińczowski;3583;69;1241;0;t2608
świętokrzyskie;sandomierski;7833;115;2735;47;t2609
świętokrzyskie;skarżyski;5042;80;1893;2;t2610
świętokrzyskie;starachowicki;6715;79;2375;0;t2611
świętokrzyskie;staszowski;5655;120;2185;31;t2612
świętokrzyskie;włoszczowski;5087;73;1764;29;t2613
świętokrzyskie;Kielce;34922;279;12765;6;t2661
warmińsko-mazurskie;bartoszycki;5268;76;1840;0;t2801
warmińsko-mazurskie;braniewski;3838;71;1390;0;t2802
warmińsko-mazurskie;działdowski;5152;84;1660;0;t2803
warmińsko-mazurskie;elbląski;3639;119;1169;0;t2804
warmińsko-mazurskie;ełcki;8632;119;2982;0;t2805
warmińsko-mazurskie;giżycki;4509;90;1423;36;t2806
warmińsko-mazurskie;iławski;6101;159;2063;29;t2807
warmińsko-mazurskie;kętrzyński;4559;108;1521;12;t2808
warmińsko-mazurskie;lidzbarski;3658;38;1254;0;t2809
warmińsko-mazurskie;mrągowski;3257;6;1228;0;t2810
warmińsko-mazurskie;nidzicki;6437;216;1410;3;t2811
warmińsko-mazurskie;nowomiejski;3587;52;1157;0;t2812
warmińsko-mazurskie;olecki;2956;0;948;0;t2813
warmińsko-mazurskie;olsztyński;10087;110;3354;0;t2814
warmińsko-mazurskie;ostródzki;7381;96;2506;0;t2815
warmińsko-mazurskie;piski;7168;98;2539;0;t2816
warmińsko-mazurskie;szczycieński;5942;173;1986;14;t2817
warmińsko-mazurskie;gołdapski;2209;38;702;3;t2818
warmińsko-mazurskie;węgorzewski;2370;20;827;0;t2819
warmińsko-mazurskie;Elbląg;15073;166;5415;1;t2861
warmińsko-mazurskie;Olsztyn;33416;423;11335;14;t2862
wielkopolskie;chodzieski;3398;70;1018;2;t3001
wielkopolskie;czarnkowsko-trzcianecki;7955;93;2480;11;t3002
wielkopolskie;gnieźnieński;13363;52;4293;0;t3003
wielkopolskie;gostyński;8349;96;2905;0;t3004
wielkopolskie;grodziski;3654;81;1089;7;t3005
wielkopolskie;jarociński;5278;111;1774;0;t3006
wielkopolskie;kaliski;4707;12;1603;0;t3007
wielkopolskie;kępiński;4531;65;1543;12;t3008
wielkopolskie;kolski;5748;119;1880;8;t3009
wielkopolskie;koniński;6083;32;2197;4;t3010
wielkopolskie;kościański;4733;82;1599;0;t3011
wielkopolskie;krotoszyński;6956;198;2261;0;t3012
wielkopolskie;leszczyński;1827;40;620;0;t3013
wielkopolskie;międzychodzki;4017;29;1488;0;t3014
wielkopolskie;nowotomyski;5715;70;1698;14;t3015
wielkopolskie;obornicki;6513;53;2244;0;t3016
wielkopolskie;ostrowski;12801;82;3332;11;t3017
wielkopolskie;ostrzeszowski;4833;56;1684;0;t3018
wielkopolskie;pilski;10786;101;3426;0;t3019
wielkopolskie;pleszewski;7962;25;2982;13;t3020
wielkopolskie;poznański;15361;237;4903;1;t3021
wielkopolskie;rawicki;5083;24;1875;0;t3022
wielkopolskie;słupecki;6494;101;2560;14;t3023
wielkopolskie;szamotulski;8166;85;3000;0;t3024
wielkopolskie;średzki;4184;0;1433;0;t3025
wielkopolskie;śremski;6458;158;2555;0;t3026
wielkopolskie;turecki;5770;50;2070;11;t3027
wielkopolskie;wągrowiecki;2931;130;808;0;t3028
wielkopolskie;wolsztyński;4581;6;1615;0;t3029
wielkopolskie;wrzesiński;4740;132;1380;1;t3030
wielkopolskie;złotowski;4875;92;1645;12;t3031
wielkopolskie;Kalisz;10993;68;3661;0;t3061
wielkopolskie;Konin;9174;215;2477;13;t3062
wielkopolskie;Leszno;7142;76;2422;0;t3063
wielkopolskie;Poznań;128801;1526;44760;252;t3064
zachodniopomorskie;białogardzki;3375;79;1035;0;t3201
zachodniopomorskie;choszczeński;4328;137;1342;5;t3202
zachodniopomorskie;drawski;5772;142;1836;7;t3203
zachodniopomorskie;goleniowski;7068;53;2414;1;t3204
zachodniopomorskie;gryficki;4494;48;1201;12;t3205
zachodniopomorskie;gryfiński;6381;42;2333;1;t3206
zachodniopomorskie;kamieński;3851;12;1231;1;t3207
zachodniopomorskie;kołobrzeski;9419;26;3393;2;t3208
zachodniopomorskie;koszaliński;4396;76;1637;1;t3209
zachodniopomorskie;myśliborski;4190;55;1410;0;t3210
zachodniopomorskie;policki;3713;84;1481;41;t3211
zachodniopomorskie;pyrzycki;2873;65;991;17;t3212
zachodniopomorskie;sławieński;4259;58;1401;4;t3213
zachodniopomorskie;stargardzki;7628;63;2341;13;t3214
zachodniopomorskie;szczecinecki;8426;214;2973;0;t3215
zachodniopomorskie;świdwiński;2799;31;953;4;t3216
zachodniopomorskie;wałecki;4189;124;1342;18;t3217
zachodniopomorskie;łobeski;1614;12;609;0;t3218
zachodniopomorskie;Koszalin;12943;85;4494;25;t3261
zachodniopomorskie;Szczecin;70382;1288;26653;223;t3262
zachodniopomorskie;Świnoujście;4630;10;1690;0;t3263
Cały kraj;;4086863;60748;1445170;8039;t0000
