wojewodztwo;powiat_miasto;liczba_szczepien_ogolem;liczba_szczepien_dziennie;dawka_2_ogolem;dawka_2_dziennie;teryt
woj_puste;pow_puste;5899;69;1112;0;t00
dolnośląskie;bolesławiecki;12565;151;4508;0;t0201
dolnośląskie;dzierżoniowski;11174;30;3827;0;t0202
dolnośląskie;głogowski;10471;82;3185;0;t0203
dolnośląskie;górowski;3690;60;1306;0;t0204
dolnośląskie;jaworski;7106;201;2370;40;t0205
dolnośląskie;jeleniogórski;9632;189;3301;187;t0206
dolnośląskie;kamiennogórski;4769;0;1791;0;t0207
dolnośląskie;kłodzki;28740;174;10493;50;t0208
dolnośląskie;legnicki;4291;20;1403;0;t0209
dolnośląskie;lubański;5280;106;1684;21;t0210
dolnośląskie;lubiński;22651;317;7758;82;t0211
dolnośląskie;lwówecki;5684;36;2065;30;t0212
dolnośląskie;milicki;6085;30;2105;0;t0213
dolnośląskie;oleśnicki;9670;32;3249;0;t0214
dolnośląskie;oławski;11659;301;3653;117;t0215
dolnośląskie;polkowicki;2909;30;1028;10;t0216
dolnośląskie;strzeliński;6431;87;2289;1;t0217
dolnośląskie;średzki;4373;73;1490;43;t0218
dolnośląskie;świdnicki;17593;101;6178;48;t0219
dolnośląskie;trzebnicki;12203;151;4233;100;t0220
dolnośląskie;wałbrzyski;6818;0;2577;0;t0221
dolnośląskie;wołowski;6783;33;2393;0;t0222
dolnośląskie;wrocławski;13294;194;4608;40;t0223
dolnośląskie;ząbkowicki;10658;158;3671;29;t0224
dolnośląskie;zgorzelecki;12043;128;4569;0;t0225
dolnośląskie;złotoryjski;5208;22;1621;0;t0226
dolnośląskie;Jelenia Góra;14786;243;4996;0;t0261
dolnośląskie;Legnica;13813;196;4514;71;t0262
dolnośląskie;Wrocław;175138;2050;58653;429;t0264
dolnośląskie;Wałbrzych;52257;1120;14787;212;t0265
kujawsko-pomorskie;aleksandrowski;31916;385;10002;60;t0401
kujawsko-pomorskie;brodnicki;9916;131;3285;0;t0402
kujawsko-pomorskie;bydgoski;8473;80;2931;10;t0403
kujawsko-pomorskie;chełmiński;5917;87;1938;0;t0404
kujawsko-pomorskie;golubsko-dobrzyński;4705;0;1516;0;t0405
kujawsko-pomorskie;grudziądzki;2625;0;885;0;t0406
kujawsko-pomorskie;inowrocławski;20457;302;6553;0;t0407
kujawsko-pomorskie;lipnowski;7717;121;2664;0;t0408
kujawsko-pomorskie;mogileński;4394;70;1348;0;t0409
kujawsko-pomorskie;nakielski;5980;0;1788;0;t0410
kujawsko-pomorskie;radziejowski;5609;10;1824;0;t0411
kujawsko-pomorskie;rypiński;5023;71;1583;30;t0412
kujawsko-pomorskie;sępoleński;7485;1;2781;0;t0413
kujawsko-pomorskie;świecki;10897;89;3948;0;t0414
kujawsko-pomorskie;toruński;7895;80;2720;0;t0415
kujawsko-pomorskie;tucholski;4989;73;1667;0;t0416
kujawsko-pomorskie;wąbrzeski;4699;0;1663;0;t0417
kujawsko-pomorskie;włocławski;7932;30;3008;0;t0418
kujawsko-pomorskie;żniński;7150;80;2389;0;t0419
kujawsko-pomorskie;Bydgoszcz;71875;1285;24640;69;t0461
kujawsko-pomorskie;Grudziądz;17015;58;4309;0;t0462
kujawsko-pomorskie;Toruń;30139;627;10162;58;t0463
kujawsko-pomorskie;Włocławek;13019;123;4358;0;t0464
lubelskie;bialski;11673;176;4120;64;t0601
lubelskie;biłgorajski;10796;83;3557;0;t0602
lubelskie;chełmski;6173;58;2098;0;t0603
lubelskie;hrubieszowski;8803;159;2986;36;t0604
lubelskie;janowski;7166;40;2502;0;t0605
lubelskie;krasnostawski;8204;125;2994;0;t0606
lubelskie;kraśnicki;10725;96;3732;17;t0607
lubelskie;lubartowski;10993;40;3895;0;t0608
lubelskie;lubelski;15227;143;5447;0;t0609
lubelskie;łęczyński;8083;53;2732;50;t0610
lubelskie;łukowski;11197;175;3869;39;t0611
lubelskie;opolski;8109;164;2813;0;t0612
lubelskie;parczewski;6280;233;2185;0;t0613
lubelskie;puławski;18701;151;6925;31;t0614
lubelskie;radzyński;7588;93;2773;40;t0615
lubelskie;rycki;10260;309;3411;21;t0616
lubelskie;świdnicki;8190;80;2945;0;t0617
lubelskie;tomaszowski;10408;20;3697;0;t0618
lubelskie;włodawski;7082;50;2476;0;t0619
lubelskie;zamojski;10398;216;3661;0;t0620
lubelskie;Biała Podlaska;13674;317;4023;0;t0661
lubelskie;Chełm;10599;139;3257;0;t0662
lubelskie;Lublin;105451;1727;36513;302;t0663
lubelskie;Zamość;16194;400;4684;7;t0664
lubuskie;gorzowski;6177;22;2184;0;t0801
lubuskie;krośnieński;8755;345;2558;0;t0802
lubuskie;międzyrzecki;11461;238;3540;0;t0803
lubuskie;nowosolski;13301;236;4218;10;t0804
lubuskie;słubicki;5856;214;1844;0;t0805
lubuskie;strzelecko-drezdenecki;6591;57;2215;0;t0806
lubuskie;sulęciński;4434;50;1434;0;t0807
lubuskie;świebodziński;7935;0;2948;0;t0808
lubuskie;zielonogórski;9796;2;3495;0;t0809
lubuskie;żagański;7439;0;2635;0;t0810
lubuskie;żarski;16097;238;4927;30;t0811
lubuskie;wschowski;3327;0;1134;0;t0812
lubuskie;Gorzów Wielkopolski;20652;414;6710;67;t0861
lubuskie;Zielona Góra;27171;283;8607;0;t0862
łódzkie;bełchatowski;11992;127;4279;0;t1001
łódzkie;kutnowski;12247;49;4489;0;t1002
łódzkie;łaski;4972;60;1674;0;t1003
łódzkie;łęczycki;8875;161;3226;0;t1004
łódzkie;łowicki;17662;189;6557;0;t1005
łódzkie;łódzki wschodni;5249;31;1777;0;t1006
łódzkie;opoczyński;8677;149;2950;4;t1007
łódzkie;pabianicki;15825;329;5084;0;t1008
łódzkie;pajęczański;4535;30;1429;0;t1009
łódzkie;piotrkowski;6414;29;2334;0;t1010
łódzkie;poddębicki;4562;50;1529;0;t1011
łódzkie;radomszczański;14818;119;5141;0;t1012
łódzkie;rawski;4850;0;1812;0;t1013
łódzkie;sieradzki;12937;160;4258;0;t1014
łódzkie;skierniewicki;3543;104;1297;0;t1015
łódzkie;tomaszowski;14553;75;4734;0;t1016
łódzkie;wieluński;10857;154;3465;0;t1017
łódzkie;wieruszowski;5169;52;1826;0;t1018
łódzkie;zduńskowolski;7691;108;2660;31;t1019
łódzkie;zgierski;18620;110;6682;24;t1020
łódzkie;brzeziński;6901;81;2493;80;t1021
łódzkie;Łódź;169303;1955;60506;154;t1061
łódzkie;Piotrków Trybunalski;13301;166;4407;0;t1062
łódzkie;Skierniewice;11006;66;3566;0;t1063
małopolskie;bocheński;9715;30;2867;0;t1201
małopolskie;brzeski;11179;0;3806;0;t1202
małopolskie;chrzanowski;16584;73;5784;30;t1203
małopolskie;dąbrowski;6907;45;2392;0;t1204
małopolskie;gorlicki;15949;135;5766;0;t1205
małopolskie;krakowski;19911;161;7170;20;t1206
małopolskie;limanowski;13434;28;4718;0;t1207
małopolskie;miechowski;11807;43;3960;33;t1208
małopolskie;myślenicki;12453;93;3985;0;t1209
małopolskie;nowosądecki;19257;222;6541;58;t1210
małopolskie;nowotarski;21898;275;7358;0;t1211
małopolskie;olkuski;11521;0;3758;0;t1212
małopolskie;oświęcimski;14510;51;4831;10;t1213
małopolskie;proszowicki;5258;0;1898;0;t1214
małopolskie;suski;11951;220;4030;0;t1215
małopolskie;tarnowski;13781;108;5068;30;t1216
małopolskie;tatrzański;7437;85;2720;0;t1217
małopolskie;wadowicki;12868;59;3984;0;t1218
małopolskie;wielicki;7492;183;2535;53;t1219
małopolskie;Kraków;214693;2642;71022;225;t1261
małopolskie;Nowy Sącz;10265;211;2758;0;t1262
małopolskie;Tarnów;18429;419;5808;30;t1263
mazowieckie;białobrzeski;4479;0;1591;0;t1401
mazowieckie;ciechanowski;16646;267;5635;79;t1402
mazowieckie;garwoliński;10832;159;3377;0;t1403
mazowieckie;gostyniński;5513;20;2019;0;t1404
mazowieckie;grodziski;15812;199;5422;0;t1405
mazowieckie;grójecki;13384;76;4480;28;t1406
mazowieckie;kozienicki;6697;10;2160;0;t1407
mazowieckie;legionowski;8082;92;2802;0;t1408
mazowieckie;lipski;6166;80;2196;0;t1409
mazowieckie;łosicki;3674;23;1235;0;t1410
mazowieckie;makowski;7053;51;2343;0;t1411
mazowieckie;miński;16414;160;4499;11;t1412
mazowieckie;mławski;9968;60;3451;0;t1413
mazowieckie;nowodworski;14967;245;5092;30;t1414
mazowieckie;ostrołęcki;8778;21;3254;0;t1415
mazowieckie;ostrowski;8837;107;3116;39;t1416
mazowieckie;otwocki;18121;80;6942;0;t1417
mazowieckie;piaseczyński;28140;565;8502;3;t1418
mazowieckie;płocki;11841;0;4501;0;t1419
mazowieckie;płoński;9852;60;3392;0;t1420
mazowieckie;pruszkowski;16732;64;5658;0;t1421
mazowieckie;przasnyski;7619;110;2672;34;t1422
mazowieckie;przysuski;5492;34;1808;0;t1423
mazowieckie;pułtuski;8857;2;3175;0;t1424
mazowieckie;radomski;11470;149;4054;0;t1425
mazowieckie;siedlecki;6273;50;2286;0;t1426
mazowieckie;sierpecki;6412;0;2155;0;t1427
mazowieckie;sochaczewski;8808;115;2886;0;t1428
mazowieckie;sokołowski;8333;32;3004;0;t1429
mazowieckie;szydłowiecki;2859;50;1141;0;t1430
mazowieckie;warszawski zachodni;13208;101;4964;11;t1432
mazowieckie;węgrowski;8494;144;2965;0;t1433
mazowieckie;wołomiński;24398;309;8444;0;t1434
mazowieckie;wyszkowski;10763;110;3915;31;t1435
mazowieckie;zwoleński;4613;19;1458;0;t1436
mazowieckie;żuromiński;5301;60;1878;0;t1437
mazowieckie;żyrardowski;8997;73;3203;0;t1438
mazowieckie;Ostrołęka;18001;323;5509;0;t1461
mazowieckie;Płock;26040;243;8318;49;t1462
mazowieckie;Radom;42044;382;12895;38;t1463
mazowieckie;Siedlce;24807;708;7481;232;t1464
mazowieckie;Warszawa;436249;6731;146331;852;t1465
opolskie;brzeski;12817;30;3785;0;t1601
opolskie;głubczycki;8407;58;3129;0;t1602
opolskie;kędzierzyńsko-kozielski;12849;64;4405;1;t1603
opolskie;kluczborski;8084;346;2680;0;t1604
opolskie;krapkowicki;10474;124;3138;0;t1605
opolskie;namysłowski;4744;35;1747;0;t1606
opolskie;nyski;15690;39;5658;0;t1607
opolskie;oleski;8692;129;3043;0;t1608
opolskie;opolski;12148;101;4042;30;t1609
opolskie;prudnicki;6765;101;2507;0;t1610
opolskie;strzelecki;9194;50;3250;0;t1611
opolskie;Opole;40603;496;13336;103;t1661
podkarpackie;bieszczadzki;2211;40;799;0;t1801
podkarpackie;brzozowski;9960;30;3584;0;t1802
podkarpackie;dębicki;13347;10;4554;0;t1803
podkarpackie;jarosławski;7983;32;2503;0;t1804
podkarpackie;jasielski;12148;40;4265;0;t1805
podkarpackie;kolbuszowski;5342;139;1703;70;t1806
podkarpackie;krośnieński;11751;108;4231;0;t1807
podkarpackie;leżajski;8068;24;2902;0;t1808
podkarpackie;lubaczowski;8058;37;2785;0;t1809
podkarpackie;łańcucki;9173;107;3152;10;t1810
podkarpackie;mielecki;15827;399;5312;9;t1811
podkarpackie;niżański;7177;10;2521;0;t1812
podkarpackie;przemyski;3822;30;1483;0;t1813
podkarpackie;przeworski;7389;10;2675;0;t1814
podkarpackie;ropczycko-sędziszowski;7583;133;2570;0;t1815
podkarpackie;rzeszowski;14723;198;5203;0;t1816
podkarpackie;sanocki;8167;73;2551;8;t1817
podkarpackie;stalowowolski;17537;198;6244;1;t1818
podkarpackie;strzyżowski;6794;0;2538;0;t1819
podkarpackie;tarnobrzeski;3611;90;1296;0;t1820
podkarpackie;leski;2529;79;759;4;t1821
podkarpackie;Krosno;8075;33;2506;1;t1861
podkarpackie;Przemyśl;11619;300;3786;0;t1862
podkarpackie;Rzeszów;100686;2094;31266;110;t1863
podkarpackie;Tarnobrzeg;10056;100;3268;0;t1864
podlaskie;augustowski;7594;0;2569;0;t2001
podlaskie;białostocki;15870;112;6087;0;t2002
podlaskie;bielski;9166;90;3327;0;t2003
podlaskie;grajewski;4771;0;1651;0;t2004
podlaskie;hajnowski;7548;98;2858;0;t2005
podlaskie;kolneński;5154;10;2032;0;t2006
podlaskie;łomżyński;3287;0;1194;0;t2007
podlaskie;moniecki;4859;0;1698;0;t2008
podlaskie;sejneński;2660;20;921;0;t2009
podlaskie;siemiatycki;5823;143;2078;0;t2010
podlaskie;sokólski;8673;184;2860;1;t2011
podlaskie;suwalski;2358;0;877;0;t2012
podlaskie;wysokomazowiecki;9979;41;3618;0;t2013
podlaskie;zambrowski;3592;44;1322;0;t2014
podlaskie;Białystok;88272;1833;26494;279;t2061
podlaskie;Łomża;12150;151;4161;0;t2062
podlaskie;Suwałki;10064;216;3509;3;t2063
pomorskie;bytowski;12970;147;4626;90;t2201
pomorskie;chojnicki;11149;219;3491;0;t2202
pomorskie;człuchowski;6798;30;2365;0;t2203
pomorskie;gdański;8370;50;3148;0;t2204
pomorskie;kartuski;14093;41;5176;0;t2205
pomorskie;kościerski;11614;180;4072;0;t2206
pomorskie;kwidzyński;8448;60;3031;0;t2207
pomorskie;lęborski;10043;103;3564;21;t2208
pomorskie;malborski;7663;109;2588;80;t2209
pomorskie;nowodworski;5929;0;2054;0;t2210
pomorskie;pucki;8064;11;2702;0;t2211
pomorskie;słupski;6161;0;2289;0;t2212
pomorskie;starogardzki;17278;135;6267;0;t2213
pomorskie;tczewski;13452;1;4821;0;t2214
pomorskie;wejherowski;23094;145;7866;80;t2215
pomorskie;sztumski;6238;50;2172;0;t2216
pomorskie;Gdańsk;134992;1864;45456;338;t2261
pomorskie;Gdynia;48979;802;16608;139;t2262
pomorskie;Słupsk;14070;264;3784;50;t2263
pomorskie;Sopot;25203;448;8902;232;t2264
śląskie;będziński;13068;51;4575;1;t2401
śląskie;bielski;14955;111;5371;0;t2402
śląskie;cieszyński;24637;114;8714;32;t2403
śląskie;częstochowski;11634;108;4211;4;t2404
śląskie;gliwicki;17560;11;6474;10;t2405
śląskie;kłobucki;9843;55;3461;0;t2406
śląskie;lubliniecki;9882;56;3477;0;t2407
śląskie;mikołowski;9960;46;3365;0;t2408
śląskie;myszkowski;9065;54;3102;0;t2409
śląskie;pszczyński;6488;30;2229;0;t2410
śląskie;raciborski;15725;328;5252;67;t2411
śląskie;rybnicki;2842;66;890;0;t2412
śląskie;tarnogórski;26692;221;8607;0;t2413
śląskie;bieruńsko-lędziński;5204;15;1954;0;t2414
śląskie;wodzisławski;14418;136;4487;38;t2415
śląskie;zawierciański;11515;115;3892;0;t2416
śląskie;żywiecki;15827;159;5374;1;t2417
śląskie;Bielsko-Biała;32097;413;10348;29;t2461
śląskie;Bytom;18688;90;6679;0;t2462
śląskie;Chorzów;28960;603;10903;418;t2463
śląskie;Częstochowa;37254;758;11231;119;t2464
śląskie;Dąbrowa Górnicza;11541;53;3911;0;t2465
śląskie;Gliwice;30186;1131;8888;50;t2466
śląskie;Jastrzębie-Zdrój;10708;58;3891;0;t2467
śląskie;Jaworzno;8697;141;2849;9;t2468
śląskie;Katowice;105241;1600;35200;278;t2469
śląskie;Mysłowice;10197;70;3532;0;t2470
śląskie;Piekary Śląskie;5726;70;1995;0;t2471
śląskie;Ruda Śląska;18143;180;6469;9;t2472
śląskie;Rybnik;11868;321;3498;129;t2473
śląskie;Siemianowice Śląskie;11093;177;3529;37;t2474
śląskie;Sosnowiec;23434;288;7350;0;t2475
śląskie;Świętochłowice;6712;34;2332;0;t2476
śląskie;Tychy;17958;255;6277;41;t2477
śląskie;Zabrze;23614;140;8549;0;t2478
śląskie;Żory;6393;22;1972;0;t2479
świętokrzyskie;buski;11232;21;4114;0;t2601
świętokrzyskie;jędrzejowski;9411;50;2954;0;t2602
świętokrzyskie;kazimierski;4167;50;1361;0;t2603
świętokrzyskie;kielecki;17752;231;6367;0;t2604
świętokrzyskie;konecki;9165;70;3238;0;t2605
świętokrzyskie;opatowski;6631;156;2442;1;t2606
świętokrzyskie;ostrowiecki;12848;247;4156;20;t2607
świętokrzyskie;pińczowski;5418;71;1863;0;t2608
świętokrzyskie;sandomierski;12077;146;4057;0;t2609
świętokrzyskie;skarżyski;7175;50;2410;0;t2610
świętokrzyskie;starachowicki;9345;150;3278;0;t2611
świętokrzyskie;staszowski;7811;30;2760;0;t2612
świętokrzyskie;włoszczowski;7811;65;2796;0;t2613
świętokrzyskie;Kielce;50726;1020;15832;44;t2661
warmińsko-mazurskie;bartoszycki;7875;0;2471;0;t2801
warmińsko-mazurskie;braniewski;5684;78;2001;0;t2802
warmińsko-mazurskie;działdowski;7484;20;2524;0;t2803
warmińsko-mazurskie;elbląski;5928;49;2063;0;t2804
warmińsko-mazurskie;ełcki;12291;447;3947;0;t2805
warmińsko-mazurskie;giżycki;7114;130;2168;0;t2806
warmińsko-mazurskie;iławski;9232;180;2752;0;t2807
warmińsko-mazurskie;kętrzyński;6357;100;2127;0;t2808
warmińsko-mazurskie;lidzbarski;5309;103;1745;0;t2809
warmińsko-mazurskie;mrągowski;4894;30;1619;0;t2810
warmińsko-mazurskie;nidzicki;10726;201;3210;10;t2811
warmińsko-mazurskie;nowomiejski;5307;10;1839;0;t2812
warmińsko-mazurskie;olecki;4285;50;1361;0;t2813
warmińsko-mazurskie;olsztyński;15940;104;5301;96;t2814
warmińsko-mazurskie;ostródzki;10670;240;3310;40;t2815
warmińsko-mazurskie;piski;11501;225;3757;26;t2816
warmińsko-mazurskie;szczycieński;9118;76;2891;0;t2817
warmińsko-mazurskie;gołdapski;3341;112;1032;46;t2818
warmińsko-mazurskie;węgorzewski;3443;41;1126;0;t2819
warmińsko-mazurskie;Elbląg;22505;453;7090;47;t2861
warmińsko-mazurskie;Olsztyn;47713;601;15273;150;t2862
wielkopolskie;chodzieski;4930;55;1582;0;t3001
wielkopolskie;czarnkowsko-trzcianecki;12222;104;3528;11;t3002
wielkopolskie;gnieźnieński;19611;200;6430;114;t3003
wielkopolskie;gostyński;12012;29;4255;28;t3004
wielkopolskie;grodziski;5263;0;1656;0;t3005
wielkopolskie;jarociński;7948;185;2548;0;t3006
wielkopolskie;kaliski;8044;105;2988;0;t3007
wielkopolskie;kępiński;6625;54;2215;0;t3008
wielkopolskie;kolski;8294;40;2730;0;t3009
wielkopolskie;koniński;10482;61;3820;0;t3010
wielkopolskie;kościański;6753;152;2010;0;t3011
wielkopolskie;krotoszyński;9882;41;3262;20;t3012
wielkopolskie;leszczyński;3157;35;1097;0;t3013
wielkopolskie;międzychodzki;5849;61;1954;1;t3014
wielkopolskie;nowotomyski;8496;217;2320;204;t3015
wielkopolskie;obornicki;9868;277;3222;41;t3016
wielkopolskie;ostrowski;19675;253;6333;44;t3017
wielkopolskie;ostrzeszowski;7707;108;2602;0;t3018
wielkopolskie;pilski;16513;234;5285;0;t3019
wielkopolskie;pleszewski;10981;20;4053;0;t3020
wielkopolskie;poznański;25347;157;8712;117;t3021
wielkopolskie;rawicki;6982;99;2510;0;t3022
wielkopolskie;słupecki;8719;43;3207;13;t3023
wielkopolskie;szamotulski;10733;145;3775;0;t3024
wielkopolskie;średzki;5763;0;1983;0;t3025
wielkopolskie;śremski;8139;48;2954;0;t3026
wielkopolskie;turecki;7794;20;2728;9;t3027
wielkopolskie;wągrowiecki;3921;43;973;0;t3028
wielkopolskie;wolsztyński;6872;186;2153;89;t3029
wielkopolskie;wrzesiński;7139;10;2125;0;t3030
wielkopolskie;złotowski;6853;30;2322;0;t3031
wielkopolskie;Kalisz;16314;154;4595;0;t3061
wielkopolskie;Konin;13932;169;3821;0;t3062
wielkopolskie;Leszno;9115;115;2898;0;t3063
wielkopolskie;Poznań;178250;3218;60310;266;t3064
zachodniopomorskie;białogardzki;4700;0;1538;0;t3201
zachodniopomorskie;choszczeński;6751;52;2308;12;t3202
zachodniopomorskie;drawski;8579;130;2657;19;t3203
zachodniopomorskie;goleniowski;10020;72;3370;0;t3204
zachodniopomorskie;gryficki;6444;99;2380;27;t3205
zachodniopomorskie;gryfiński;9277;0;3354;0;t3206
zachodniopomorskie;kamieński;6252;78;2199;1;t3207
zachodniopomorskie;kołobrzeski;14195;46;4649;1;t3208
zachodniopomorskie;koszaliński;6668;82;2341;19;t3209
zachodniopomorskie;myśliborski;5763;113;1843;0;t3210
zachodniopomorskie;policki;5634;50;2068;0;t3211
zachodniopomorskie;pyrzycki;3852;40;1253;30;t3212
zachodniopomorskie;sławieński;6558;77;2064;0;t3213
zachodniopomorskie;stargardzki;11511;110;3725;0;t3214
zachodniopomorskie;szczecinecki;12466;161;3942;0;t3215
zachodniopomorskie;świdwiński;4823;70;1485;0;t3216
zachodniopomorskie;wałecki;6008;179;1889;0;t3217
zachodniopomorskie;łobeski;2702;46;950;0;t3218
zachodniopomorskie;Koszalin;18430;274;5761;0;t3261
zachodniopomorskie;Szczecin;96452;1506;33522;170;t3262
zachodniopomorskie;Świnoujście;6671;72;2387;0;t3263
Cały kraj;;5963933;75854;2002394;9318;t0000
