wojewodztwo;powiat_miasto;liczba_szczepien_ogolem;liczba_szczepien_dziennie;dawka_2_ogolem;dawka_2_dziennie;teryt
woj_puste;pow_puste;3604;29;716;8;t00
dolnośląskie;bolesławiecki;9021;43;3399;0;t0201
dolnośląskie;dzierżoniowski;7821;80;3005;0;t0202
dolnośląskie;głogowski;7421;5;2379;4;t0203
dolnośląskie;górowski;2159;0;811;0;t0204
dolnośląskie;jaworski;4332;0;1592;0;t0205
dolnośląskie;jeleniogórski;5848;148;2065;0;t0206
dolnośląskie;kamiennogórski;3544;0;1357;0;t0207
dolnośląskie;kłodzki;19839;20;7694;0;t0208
dolnośląskie;legnicki;2414;3;871;0;t0209
dolnośląskie;lubański;3609;0;1247;0;t0210
dolnośląskie;lubiński;15051;124;5357;4;t0211
dolnośląskie;lwówecki;3768;10;1304;0;t0212
dolnośląskie;milicki;4079;20;1463;0;t0213
dolnośląskie;oleśnicki;6878;0;2498;0;t0214
dolnośląskie;oławski;7413;41;2475;0;t0215
dolnośląskie;polkowicki;1610;10;533;0;t0216
dolnośląskie;strzeliński;4318;29;1582;29;t0217
dolnośląskie;średzki;2344;0;767;0;t0218
dolnośląskie;świdnicki;12553;35;4413;0;t0219
dolnośląskie;trzebnicki;8123;129;2987;0;t0220
dolnośląskie;wałbrzyski;4577;1;1876;1;t0221
dolnośląskie;wołowski;4399;19;1559;0;t0222
dolnośląskie;wrocławski;7917;0;2577;0;t0223
dolnośląskie;ząbkowicki;6777;30;2438;0;t0224
dolnośląskie;zgorzelecki;8982;0;3539;0;t0225
dolnośląskie;złotoryjski;3208;105;1013;0;t0226
dolnośląskie;Jelenia Góra;10332;78;3730;0;t0261
dolnośląskie;Legnica;10101;211;3558;0;t0262
dolnośląskie;Wrocław;124516;966;44431;57;t0264
dolnośląskie;Wałbrzych;29964;632;11212;7;t0265
kujawsko-pomorskie;aleksandrowski;19572;281;7533;16;t0401
kujawsko-pomorskie;brodnicki;6424;48;2099;0;t0402
kujawsko-pomorskie;bydgoski;4779;0;1633;0;t0403
kujawsko-pomorskie;chełmiński;3992;0;1526;0;t0404
kujawsko-pomorskie;golubsko-dobrzyński;2945;0;998;0;t0405
kujawsko-pomorskie;grudziądzki;1608;0;609;0;t0406
kujawsko-pomorskie;inowrocławski;13164;191;4661;0;t0407
kujawsko-pomorskie;lipnowski;5278;49;1833;0;t0408
kujawsko-pomorskie;mogileński;2952;40;978;3;t0409
kujawsko-pomorskie;nakielski;4041;66;1195;0;t0410
kujawsko-pomorskie;radziejowski;3658;3;1363;0;t0411
kujawsko-pomorskie;rypiński;3284;0;903;0;t0412
kujawsko-pomorskie;sępoleński;5330;20;1898;0;t0413
kujawsko-pomorskie;świecki;7200;39;2778;0;t0414
kujawsko-pomorskie;toruński;5235;0;1821;0;t0415
kujawsko-pomorskie;tucholski;3541;60;1185;0;t0416
kujawsko-pomorskie;wąbrzeski;3112;0;1055;0;t0417
kujawsko-pomorskie;włocławski;4891;0;1842;0;t0418
kujawsko-pomorskie;żniński;4979;71;1768;36;t0419
kujawsko-pomorskie;Bydgoszcz;53062;680;20051;28;t0461
kujawsko-pomorskie;Grudziądz;9500;0;3319;0;t0462
kujawsko-pomorskie;Toruń;22729;309;8391;0;t0463
kujawsko-pomorskie;Włocławek;9300;85;3376;0;t0464
lubelskie;bialski;7499;10;2578;0;t0601
lubelskie;biłgorajski;7247;0;2635;0;t0602
lubelskie;chełmski;3437;1;1293;0;t0603
lubelskie;hrubieszowski;5572;29;1835;0;t0604
lubelskie;janowski;5265;51;2013;0;t0605
lubelskie;krasnostawski;5861;56;2250;0;t0606
lubelskie;kraśnicki;7254;74;2813;0;t0607
lubelskie;lubartowski;6953;30;2483;0;t0608
lubelskie;lubelski;9627;30;3341;0;t0609
lubelskie;łęczyński;5539;0;2074;0;t0610
lubelskie;łukowski;7754;70;2541;0;t0611
lubelskie;opolski;4999;0;1702;0;t0612
lubelskie;parczewski;4036;0;1544;0;t0613
lubelskie;puławski;13372;56;5027;5;t0614
lubelskie;radzyński;5262;0;1934;0;t0615
lubelskie;rycki;6249;50;1931;0;t0616
lubelskie;świdnicki;5572;29;2114;0;t0617
lubelskie;tomaszowski;6998;0;2479;0;t0618
lubelskie;włodawski;4613;30;1617;0;t0619
lubelskie;zamojski;6320;0;2422;0;t0620
lubelskie;Biała Podlaska;9201;87;3593;0;t0661
lubelskie;Chełm;7484;98;2471;0;t0662
lubelskie;Lublin;74432;1056;27422;37;t0663
lubelskie;Zamość;9984;66;3403;0;t0664
lubuskie;gorzowski;4077;26;1372;0;t0801
lubuskie;krośnieński;5124;1;1808;1;t0802
lubuskie;międzyrzecki;7315;0;2628;0;t0803
lubuskie;nowosolski;8329;10;2995;0;t0804
lubuskie;słubicki;3477;0;1209;0;t0805
lubuskie;strzelecko-drezdenecki;4407;50;1539;0;t0806
lubuskie;sulęciński;3120;50;1135;0;t0807
lubuskie;świebodziński;5910;0;2309;0;t0808
lubuskie;zielonogórski;6546;0;2372;0;t0809
lubuskie;żagański;4660;0;1660;0;t0810
lubuskie;żarski;10576;40;3767;0;t0811
lubuskie;wschowski;2423;0;781;0;t0812
lubuskie;Gorzów Wielkopolski;14397;141;5298;0;t0861
lubuskie;Zielona Góra;18079;254;7468;24;t0862
łódzkie;bełchatowski;8008;55;3004;0;t1001
łódzkie;kutnowski;8790;151;3417;18;t1002
łódzkie;łaski;3206;50;1015;0;t1003
łódzkie;łęczycki;5997;38;2145;0;t1004
łódzkie;łowicki;12054;166;4575;3;t1005
łódzkie;łódzki wschodni;3056;0;1202;0;t1006
łódzkie;opoczyński;5758;42;1954;0;t1007
łódzkie;pabianicki;10014;158;3334;0;t1008
łódzkie;pajęczański;2955;0;1010;0;t1009
łódzkie;piotrkowski;3845;0;1422;0;t1010
łódzkie;poddębicki;3176;0;1223;0;t1011
łódzkie;radomszczański;9967;1;3882;0;t1012
łódzkie;rawski;3157;12;1234;0;t1013
łódzkie;sieradzki;8854;0;3368;0;t1014
łódzkie;skierniewicki;1809;5;632;2;t1015
łódzkie;tomaszowski;9814;5;3134;0;t1016
łódzkie;wieluński;6876;0;2336;0;t1017
łódzkie;wieruszowski;3535;0;1273;0;t1018
łódzkie;zduńskowolski;5379;59;1858;0;t1019
łódzkie;zgierski;13366;116;4816;1;t1020
łódzkie;brzeziński;5003;102;1754;1;t1021
łódzkie;Łódź;120143;799;47002;244;t1061
łódzkie;Piotrków Trybunalski;9276;103;3094;28;t1062
łódzkie;Skierniewice;7699;121;2662;0;t1063
małopolskie;bocheński;6008;83;2109;0;t1201
małopolskie;brzeski;7747;40;2616;0;t1202
małopolskie;chrzanowski;11237;28;3942;19;t1203
małopolskie;dąbrowski;4849;70;1711;0;t1204
małopolskie;gorlicki;11123;57;4251;36;t1205
małopolskie;krakowski;11838;46;4466;6;t1206
małopolskie;limanowski;8957;99;3269;0;t1207
małopolskie;miechowski;7606;0;2689;0;t1208
małopolskie;myślenicki;8075;112;2609;0;t1209
małopolskie;nowosądecki;11431;98;4062;0;t1210
małopolskie;nowotarski;13848;147;5179;0;t1211
małopolskie;olkuski;7756;0;2740;0;t1212
małopolskie;oświęcimski;10089;79;3455;2;t1213
małopolskie;proszowicki;3728;0;1374;0;t1214
małopolskie;suski;7917;120;3108;0;t1215
małopolskie;tarnowski;8377;0;3156;0;t1216
małopolskie;tatrzański;5330;52;2085;0;t1217
małopolskie;wadowicki;7981;87;2688;0;t1218
małopolskie;wielicki;4156;65;1401;1;t1219
małopolskie;Kraków;151316;2054;53724;426;t1261
małopolskie;Nowy Sącz;7648;207;2401;0;t1262
małopolskie;Tarnów;13819;86;4899;1;t1263
mazowieckie;białobrzeski;2710;0;963;0;t1401
mazowieckie;ciechanowski;11465;62;4143;0;t1402
mazowieckie;garwoliński;7010;73;2351;0;t1403
mazowieckie;gostyniński;3737;0;1350;0;t1404
mazowieckie;grodziski;11799;143;4116;0;t1405
mazowieckie;grójecki;8797;105;3077;1;t1406
mazowieckie;kozienicki;4494;0;1741;0;t1407
mazowieckie;legionowski;4427;0;1523;0;t1408
mazowieckie;lipski;4018;9;1372;0;t1409
mazowieckie;łosicki;2457;42;799;0;t1410
mazowieckie;makowski;4462;0;1614;0;t1411
mazowieckie;miński;9878;83;2983;12;t1412
mazowieckie;mławski;6543;61;2295;0;t1413
mazowieckie;nowodworski;10773;127;4233;0;t1414
mazowieckie;ostrołęcki;5267;0;1848;0;t1415
mazowieckie;ostrowski;6033;30;2000;0;t1416
mazowieckie;otwocki;13572;107;5596;0;t1417
mazowieckie;piaseczyński;17175;131;6314;0;t1418
mazowieckie;płocki;7463;0;2869;0;t1419
mazowieckie;płoński;6982;10;2558;0;t1420
mazowieckie;pruszkowski;12451;67;4438;0;t1421
mazowieckie;przasnyski;5184;19;1941;0;t1422
mazowieckie;przysuski;3512;20;1196;0;t1423
mazowieckie;pułtuski;5986;0;2099;0;t1424
mazowieckie;radomski;7418;49;2809;0;t1425
mazowieckie;siedlecki;3617;0;1283;0;t1426
mazowieckie;sierpecki;4342;0;1529;0;t1427
mazowieckie;sochaczewski;5662;0;1883;0;t1428
mazowieckie;sokołowski;5598;19;1917;0;t1429
mazowieckie;szydłowiecki;2013;0;842;0;t1430
mazowieckie;warszawski zachodni;8248;0;2936;0;t1432
mazowieckie;węgrowski;5604;0;1977;0;t1433
mazowieckie;wołomiński;16526;0;5872;0;t1434
mazowieckie;wyszkowski;7397;62;2878;53;t1435
mazowieckie;zwoleński;2831;0;993;0;t1436
mazowieckie;żuromiński;3588;40;1201;0;t1437
mazowieckie;żyrardowski;6381;1;2311;0;t1438
mazowieckie;Ostrołęka;10764;270;3499;0;t1461
mazowieckie;Płock;18121;274;7052;29;t1462
mazowieckie;Radom;28250;439;10439;2;t1463
mazowieckie;Siedlce;14057;328;4269;0;t1464
mazowieckie;Warszawa;299603;3234;109155;653;t1465
opolskie;brzeski;7485;49;2645;0;t1601
opolskie;głubczycki;6307;0;2693;0;t1602
opolskie;kędzierzyńsko-kozielski;8913;64;3249;6;t1603
opolskie;kluczborski;5350;0;1914;0;t1604
opolskie;krapkowicki;6210;0;2404;0;t1605
opolskie;namysłowski;3405;0;1125;0;t1606
opolskie;nyski;11601;69;4412;0;t1607
opolskie;oleski;5822;0;2062;0;t1608
opolskie;opolski;7407;0;2685;0;t1609
opolskie;prudnicki;4822;37;1737;0;t1610
opolskie;strzelecki;6367;0;2380;0;t1611
opolskie;Opole;28791;369;9290;64;t1661
podkarpackie;bieszczadzki;1622;11;652;0;t1801
podkarpackie;brzozowski;6731;0;2558;0;t1802
podkarpackie;dębicki;8727;86;3079;0;t1803
podkarpackie;jarosławski;5450;91;2086;0;t1804
podkarpackie;jasielski;7789;0;3194;0;t1805
podkarpackie;kolbuszowski;3271;50;902;0;t1806
podkarpackie;krośnieński;7182;0;2600;0;t1807
podkarpackie;leżajski;5595;0;2062;0;t1808
podkarpackie;lubaczowski;5801;44;2270;0;t1809
podkarpackie;łańcucki;6359;89;2301;0;t1810
podkarpackie;mielecki;9964;34;3484;0;t1811
podkarpackie;niżański;4787;0;1732;0;t1812
podkarpackie;przemyski;2267;0;738;0;t1813
podkarpackie;przeworski;5151;8;1821;0;t1814
podkarpackie;ropczycko-sędziszowski;5035;52;1828;13;t1815
podkarpackie;rzeszowski;9318;0;3475;0;t1816
podkarpackie;sanocki;5071;70;1588;0;t1817
podkarpackie;stalowowolski;11371;28;4205;1;t1818
podkarpackie;strzyżowski;4762;0;1699;0;t1819
podkarpackie;tarnobrzeski;2484;0;987;0;t1820
podkarpackie;leski;1678;60;536;0;t1821
podkarpackie;Krosno;5746;39;1863;0;t1861
podkarpackie;Przemyśl;8360;214;3212;42;t1862
podkarpackie;Rzeszów;61542;508;21977;19;t1863
podkarpackie;Tarnobrzeg;7151;66;2391;0;t1864
podlaskie;augustowski;5137;1;1799;0;t2001
podlaskie;białostocki;10944;0;4305;0;t2002
podlaskie;bielski;5986;0;2190;0;t2003
podlaskie;grajewski;3008;0;959;0;t2004
podlaskie;hajnowski;5195;10;1974;0;t2005
podlaskie;kolneński;3836;0;1421;0;t2006
podlaskie;łomżyński;1697;0;487;0;t2007
podlaskie;moniecki;3479;0;1457;0;t2008
podlaskie;sejneński;1860;10;736;0;t2009
podlaskie;siemiatycki;3798;30;1332;0;t2010
podlaskie;sokólski;5543;39;1879;0;t2011
podlaskie;suwalski;1288;0;422;0;t2012
podlaskie;wysokomazowiecki;6847;0;2699;0;t2013
podlaskie;zambrowski;2666;0;952;0;t2014
podlaskie;Białystok;54215;303;17469;9;t2061
podlaskie;Łomża;8262;0;2803;0;t2062
podlaskie;Suwałki;6811;30;2392;22;t2063
pomorskie;bytowski;9364;57;3373;25;t2201
pomorskie;chojnicki;7286;111;2370;0;t2202
pomorskie;człuchowski;4707;0;1553;0;t2203
pomorskie;gdański;5184;5;1916;0;t2204
pomorskie;kartuski;9876;0;3489;0;t2205
pomorskie;kościerski;8197;0;2876;0;t2206
pomorskie;kwidzyński;6188;0;2291;0;t2207
pomorskie;lęborski;7235;0;2604;0;t2208
pomorskie;malborski;5843;78;1955;0;t2209
pomorskie;nowodworski;3782;0;1341;0;t2210
pomorskie;pucki;5292;57;1823;0;t2211
pomorskie;słupski;3929;0;1537;0;t2212
pomorskie;starogardzki;11827;37;4297;29;t2213
pomorskie;tczewski;9869;0;3519;0;t2214
pomorskie;wejherowski;16806;309;5773;66;t2215
pomorskie;sztumski;4291;0;1501;0;t2216
pomorskie;Gdańsk;93699;846;33239;89;t2261
pomorskie;Gdynia;33407;411;11737;120;t2262
pomorskie;Słupsk;9139;130;2555;0;t2263
pomorskie;Sopot;16541;471;5543;249;t2264
śląskie;będziński;9180;77;3377;0;t2401
śląskie;bielski;8942;0;3388;0;t2402
śląskie;cieszyński;17180;0;6556;0;t2403
śląskie;częstochowski;6951;14;2357;0;t2404
śląskie;gliwicki;12348;12;4612;2;t2405
śląskie;kłobucki;6653;35;2342;0;t2406
śląskie;lubliniecki;6831;0;2477;0;t2407
śląskie;mikołowski;7109;3;2528;0;t2408
śląskie;myszkowski;6416;61;2248;0;t2409
śląskie;pszczyński;4004;0;1417;0;t2410
śląskie;raciborski;10349;136;3404;0;t2411
śląskie;rybnicki;1755;19;537;0;t2412
śląskie;tarnogórski;16473;0;5627;0;t2413
śląskie;bieruńsko-lędziński;2817;0;961;0;t2414
śląskie;wodzisławski;9293;40;3110;0;t2415
śląskie;zawierciański;8050;40;2781;0;t2416
śląskie;żywiecki;10134;122;3603;0;t2417
śląskie;Bielsko-Biała;22977;267;7892;0;t2461
śląskie;Bytom;13340;106;4968;0;t2462
śląskie;Chorzów;18682;240;5594;237;t2463
śląskie;Częstochowa;24323;270;7538;0;t2464
śląskie;Dąbrowa Górnicza;8577;0;3239;0;t2465
śląskie;Gliwice;18890;36;6660;12;t2466
śląskie;Jastrzębie-Zdrój;8562;38;3472;0;t2467
śląskie;Jaworzno;6343;42;2431;0;t2468
śląskie;Katowice;70000;947;25275;466;t2469
śląskie;Mysłowice;6944;10;2480;0;t2470
śląskie;Piekary Śląskie;4210;0;1529;0;t2471
śląskie;Ruda Śląska;13072;75;4816;0;t2472
śląskie;Rybnik;8035;248;2680;28;t2473
śląskie;Siemianowice Śląskie;7424;0;2679;0;t2474
śląskie;Sosnowiec;15264;90;5204;0;t2475
śląskie;Świętochłowice;4653;0;1676;0;t2476
śląskie;Tychy;13030;92;4837;0;t2477
śląskie;Zabrze;17363;70;6973;0;t2478
śląskie;Żory;4266;0;1373;0;t2479
świętokrzyskie;buski;7910;147;2993;0;t2601
świętokrzyskie;jędrzejowski;5548;69;1855;0;t2602
świętokrzyskie;kazimierski;2731;100;923;0;t2603
świętokrzyskie;kielecki;10686;0;3857;0;t2604
świętokrzyskie;konecki;6678;50;2516;0;t2605
świętokrzyskie;opatowski;4137;0;1604;0;t2606
świętokrzyskie;ostrowiecki;8050;0;2611;0;t2607
świętokrzyskie;pińczowski;3514;30;1241;0;t2608
świętokrzyskie;sandomierski;7711;55;2686;0;t2609
świętokrzyskie;skarżyski;4961;40;1891;0;t2610
świętokrzyskie;starachowicki;6636;0;2375;0;t2611
świętokrzyskie;staszowski;5535;55;2154;0;t2612
świętokrzyskie;włoszczowski;5015;29;1735;0;t2613
świętokrzyskie;Kielce;34641;129;12759;0;t2661
warmińsko-mazurskie;bartoszycki;5192;0;1840;0;t2801
warmińsko-mazurskie;braniewski;3767;58;1390;0;t2802
warmińsko-mazurskie;działdowski;5068;50;1660;0;t2803
warmińsko-mazurskie;elbląski;3520;0;1169;0;t2804
warmińsko-mazurskie;ełcki;8513;195;2982;0;t2805
warmińsko-mazurskie;giżycki;4419;0;1387;0;t2806
warmińsko-mazurskie;iławski;5942;100;2034;0;t2807
warmińsko-mazurskie;kętrzyński;4451;0;1509;0;t2808
warmińsko-mazurskie;lidzbarski;3620;0;1254;0;t2809
warmińsko-mazurskie;mrągowski;3251;0;1228;0;t2810
warmińsko-mazurskie;nidzicki;6218;209;1407;0;t2811
warmińsko-mazurskie;nowomiejski;3507;40;1128;0;t2812
warmińsko-mazurskie;olecki;2956;60;948;0;t2813
warmińsko-mazurskie;olsztyński;9977;92;3354;2;t2814
warmińsko-mazurskie;ostródzki;7285;109;2506;0;t2815
warmińsko-mazurskie;piski;7070;56;2539;2;t2816
warmińsko-mazurskie;szczycieński;5767;48;1970;0;t2817
warmińsko-mazurskie;gołdapski;2171;0;699;0;t2818
warmińsko-mazurskie;węgorzewski;2350;43;827;0;t2819
warmińsko-mazurskie;Elbląg;14907;75;5414;0;t2861
warmińsko-mazurskie;Olsztyn;32991;437;11320;0;t2862
wielkopolskie;chodzieski;3328;0;1016;0;t3001
wielkopolskie;czarnkowsko-trzcianecki;7862;142;2469;0;t3002
wielkopolskie;gnieźnieński;13310;105;4292;0;t3003
wielkopolskie;gostyński;8253;0;2905;0;t3004
wielkopolskie;grodziski;3573;0;1082;0;t3005
wielkopolskie;jarociński;5167;88;1774;0;t3006
wielkopolskie;kaliski;4693;0;1602;0;t3007
wielkopolskie;kępiński;4465;29;1531;0;t3008
wielkopolskie;kolski;5629;59;1872;0;t3009
wielkopolskie;koniński;6052;0;2193;0;t3010
wielkopolskie;kościański;4651;84;1599;0;t3011
wielkopolskie;krotoszyński;6758;50;2261;0;t3012
wielkopolskie;leszczyński;1787;0;620;0;t3013
wielkopolskie;międzychodzki;3988;39;1488;0;t3014
wielkopolskie;nowotomyski;5501;26;1630;0;t3015
wielkopolskie;obornicki;6461;76;2245;0;t3016
wielkopolskie;ostrowski;12732;81;3321;0;t3017
wielkopolskie;ostrzeszowski;4775;33;1683;0;t3018
wielkopolskie;pilski;10664;150;3426;0;t3019
wielkopolskie;pleszewski;7937;72;2969;0;t3020
wielkopolskie;poznański;15100;63;4897;0;t3021
wielkopolskie;rawicki;5059;0;1875;0;t3022
wielkopolskie;słupecki;6392;29;2546;0;t3023
wielkopolskie;szamotulski;8082;30;2999;30;t3024
wielkopolskie;średzki;4182;9;1433;0;t3025
wielkopolskie;śremski;6300;0;2555;0;t3026
wielkopolskie;turecki;5720;56;2059;0;t3027
wielkopolskie;wągrowiecki;2801;1;808;0;t3028
wielkopolskie;wolsztyński;4573;6;1614;0;t3029
wielkopolskie;wrzesiński;4608;52;1379;0;t3030
wielkopolskie;złotowski;4783;40;1633;0;t3031
wielkopolskie;Kalisz;10917;89;3653;0;t3061
wielkopolskie;Konin;8958;210;2463;0;t3062
wielkopolskie;Leszno;7066;95;2422;0;t3063
wielkopolskie;Poznań;127277;1389;44512;237;t3064
zachodniopomorskie;białogardzki;3284;106;1023;0;t3201
zachodniopomorskie;choszczeński;4191;0;1337;0;t3202
zachodniopomorskie;drawski;5630;71;1829;30;t3203
zachodniopomorskie;goleniowski;7014;0;2413;0;t3204
zachodniopomorskie;gryficki;4519;110;1189;0;t3205
zachodniopomorskie;gryfiński;6339;40;2332;0;t3206
zachodniopomorskie;kamieński;3737;0;1230;0;t3207
zachodniopomorskie;kołobrzeski;9371;115;3391;0;t3208
zachodniopomorskie;koszaliński;4320;80;1636;0;t3209
zachodniopomorskie;myśliborski;4133;73;1410;0;t3210
zachodniopomorskie;policki;3629;0;1440;0;t3211
zachodniopomorskie;pyrzycki;2806;30;974;0;t3212
zachodniopomorskie;sławieński;4201;46;1397;0;t3213
zachodniopomorskie;stargardzki;7537;40;2300;0;t3214
zachodniopomorskie;szczecinecki;8212;159;2973;0;t3215
zachodniopomorskie;świdwiński;2768;0;949;0;t3216
zachodniopomorskie;wałecki;4065;88;1323;0;t3217
zachodniopomorskie;łobeski;1602;0;609;0;t3218
zachodniopomorskie;Koszalin;12858;92;4469;0;t3261
zachodniopomorskie;Szczecin;69077;562;26421;0;t3262
zachodniopomorskie;Świnoujście;4620;0;1690;0;t3263
Cały kraj;;4024036;33477;1436634;3598;t0000
