wojewodztwo;liczba_szczepien_ogolem;liczba_szczepien_dziennie;dawka_2_ogolem;dawka_2_dziennie;teryt
inne_puste_woj;3604;29;716;8;
dolnośląskie;342918;2739;123732;102;t02
kujawsko-pomorskie;200576;1942;72815;83;t04
lubelskie;230530;1823;83515;42;t06
lubuskie;98440;572;36341;25;t08
łódzkie;271737;1983;101346;297;t10
małopolskie;330836;3530;117934;491;t12
mazowieckie;626215;5805;226264;750;t14
opolskie;102480;588;36596;70;t16
podkarpackie;203214;1450;73240;75;t18
podlaskie;130572;423;45276;31;t20
pomorskie;272462;2512;95292;578;t22
śląskie;430440;3090;152641;745;t24
świętokrzyskie;113753;704;41200;0;t26
warmińsko-mazurskie;142942;1572;48565;4;t28
wielkopolskie;349404;3103;118826;267;t30
zachodniopomorskie;173913;1612;62335;30;t32
cały kraj;4024036;33477;1436634;3598;t00
